gvkey,lpermno,datadate,fyear,indfmt,consol,popsrc,datafmt,cusip,CURCD,ACT,AT,CHE,CSHO,DLC,DP,DVP,IB,LCT,LT,PSTKL,PSTKRV,TXDI,TXDITC,UPSTK,COSTAT,SICH,adjex_f,SIC
001300,10145,19611231,1961,INDL,C,D,STD,438516106,USD,237.2000,818.4000,41.7000,20.0760,0.0000,52.1600,0.0000,47.2100,96.3000,311.7190,0.0000,0.0000,0.0000,0.0000,,A,,6.3672,3728
001300,10145,19621231,1962,INDL,C,D,STD,438516106,USD,282.0000,1022.3780,45.7000,26.4670,2.9000,74.7500,0.0000,57.9800,98.8360,410.4810,0.0000,0.0000,16.9300,25.4300,,A,,6.3672,3728
001300,10145,19631231,1963,INDL,C,D,STD,438516106,USD,300.9000,1069.0000,44.4000,26.0760,2.8000,79.9400,0.0000,72.2400,112.8560,454.4680,0.0000,0.0000,19.6900,45.6180,,A,,6.3672,3728
001300,10145,19641231,1964,INDL,C,D,STD,438516106,USD,309.0000,1141.2000,24.7000,26.2970,1.6000,86.3400,0.0000,81.0100,120.2910,481.7120,0.0000,0.0000,14.8900,56.9630,,A,,6.3672,3728
001300,10145,19651231,1965,INDL,C,D,STD,438516106,USD,348.9000,1268.6000,22.1000,26.8340,1.5000,93.1600,0.0000,84.3500,142.9620,575.3990,0.0000,0.0000,11.3500,68.2760,,A,,6.2424,3728
001300,10145,19661231,1966,INDL,C,D,STD,438516106,USD,433.6000,1493.9000,44.9000,27.4900,1.6000,105.7700,0.0000,89.2100,183.7910,759.4740,0.0000,0.0000,-0.6600,67.7390,,A,,6.1200,3728
001300,10145,19671231,1967,INDL,C,D,STD,438516106,USD,474.2000,1602.5000,38.6000,27.9750,61.6000,111.3800,0.0000,69.8000,216.5500,850.3370,0.0000,0.0000,11.8200,29.1300,,A,,6.0000,3728
001300,10145,19681231,1968,INDL,C,D,STD,438516106,USD,492.7000,1494.6000,31.4000,28.0540,41.3000,124.2800,0.0000,40.8400,200.6740,770.2050,0.0000,0.0000,2.3200,27.3210,,A,,6.0000,3728
001300,10145,19691231,1969,INDL,C,D,STD,438516106,USD,457.3290,1524.0020,26.4960,27.7450,11.1200,124.3850,0.0000,68.0290,168.0810,774.3510,0.0000,0.0000,12.3780,41.8780,,A,,6.0000,3728
001300,10145,19701231,1970,INDL,C,D,STD,438516106,USD,494.0370,1582.0570,35.2960,27.5550,71.4230,121.1660,0.0000,43.0620,244.1820,800.6140,0.0000,0.0000,11.3240,54.2660,,A,,6.0000,3728
001300,10145,19711231,1971,INDL,C,D,STD,438516106,USD,561.4970,1636.7040,86.1500,27.5560,23.1440,120.2200,0.0000,51.6690,202.1100,833.0210,0.0000,0.0000,7.1090,61.8120,,A,,6.0000,3728
001300,10145,19721231,1972,INDL,C,D,STD,438516106,USD,599.5310,1661.3110,103.8900,27.5590,3.6240,117.4310,0.0000,65.4550,210.5240,824.5980,0.0000,0.0000,10.7990,71.0920,,A,,6.0000,3728
001300,10145,19731231,1973,INDL,C,D,STD,438516106,USD,638.6830,1762.5360,125.6370,27.6440,9.7890,108.9450,0.0000,95.0710,259.3840,863.4770,0.0000,0.0000,13.9670,82.3880,,A,,6.0000,3728
001300,10145,19741231,1974,INDL,C,D,STD,438516106,USD,641.8450,1968.4490,72.7900,27.7580,10.9570,115.4500,0.0000,150.8160,329.1050,957.3140,0.0000,0.0000,18.7220,100.2340,,A,,6.0000,3728
001300,10145,19751231,1975,INDL,C,D,STD,438516106,USD,702.2870,2235.9070,85.9790,27.9090,16.1260,128.5960,0.0000,116.1940,321.1880,1191.0540,0.0000,0.0000,48.0120,176.8420,,A,,6.0000,3728
001300,10145,19761231,1976,INDL,C,D,STD,438516106,USD,743.3690,2439.3250,55.9630,28.0030,21.8600,136.1460,0.0000,126.3050,371.6730,1325.0390,0.0000,0.0000,24.3990,206.6940,,A,,6.0000,3728
001300,10145,19771231,1977,INDL,C,D,STD,438516106,USD,818.6830,2872.1610,42.7200,28.1800,33.1760,164.3070,0.0000,138.3780,485.4440,1674.8530,0.0000,0.0000,42.1370,252.1970,,A,,6.0000,3728
001300,10145,19781231,1978,INDL,C,D,STD,438516106,USD,926.4940,3227.9490,66.9060,28.5180,47.9950,202.9750,0.0000,120.2390,646.8310,1955.6250,0.0000,0.0000,-10.1940,247.8520,,A,,6.0000,3728
001300,10145,19791231,1979,INDL,C,D,STD,438516106,USD,1615.6070,4209.6210,125.7760,28.8080,218.1120,225.2720,5.0720,175.6430,1336.6240,2772.7710,199.0000,211.0000,,233.0090,,A,,6.0000,3728
001300,10145,19801231,1980,INDL,C,D,STD,438516106,USD,1649.0000,4538.0000,189.0000,33.4890,73.0000,271.0000,23.0000,289.0000,1182.0000,2614.0000,260.0000,276.0000,79.0000,311.0000,,A,,6.0000,3728
001300,10145,19811231,1981,INDL,C,D,STD,438516106,USD,2011.0000,5344.0000,181.0000,33.7440,100.0000,347.0000,38.0000,348.0000,1373.0000,2853.0000,625.0000,654.0000,5.0000,335.0000,,A,,6.0000,3728
001300,10145,19821231,1982,INDL,C,D,STD,438516106,USD,1624.0000,6272.0000,176.0000,35.2500,125.0000,382.0000,68.0000,272.0000,1208.0000,2479.0000,1813.0000,647.0000,-75.0000,287.0000,,A,,6.0000,3728
001300,10145,19831231,1983,INDL,C,D,STD,438516106,USD,2741.0000,7647.0000,81.0000,53.4590,281.0000,468.0000,91.0000,450.0000,2283.0000,4466.0000,757.0000,778.0000,,200.0000,,A,,6.0000,3728
001300,10145,19841231,1984,INDL,C,D,STD,438516106,USD,2922.0000,8189.0000,145.0000,83.0290,336.0000,462.0000,83.0000,487.0000,2431.0000,4810.0000,654.0000,672.0000,,195.0000,,A,,4.0000,3728
001300,10145,19851231,1985,INDL,C,D,STD,438516106,USD,4960.0000,13271.0040,1125.0000,175.1940,487.0000,362.0000,76.0000,-279.0000,3018.0000,6816.0000,644.0000,661.0000,,377.0000,,A,,4.0000,3728
001300,10145,19861231,1986,INDL,C,D,STD,438516106,USD,4606.0000,11268.0000,193.0000,174.3520,853.0000,368.0000,32.0000,605.0000,3655.0000,7530.0000,68.0000,61.0000,59.0000,569.0000,,A,,4.0000,3728
001300,10145,19871231,1987,INDL,C,D,STD,438516106,USD,4084.0000,10226.0000,349.0000,149.9490,497.0000,347.0000,1.0000,515.0000,3462.0000,7097.0000,0.0000,0.0000,,706.0000,,A,3724,4.0000,3728
001300,10145,19881231,1988,INDL,C,D,STD,438516106,USD,4117.0000,10005.0000,397.0000,147.9610,260.0000,376.0000,0.0000,463.0000,3202.0000,6737.0000,0.0000,0.0000,,717.0000,,A,3724,4.0000,3728
001300,10145,19891231,1989,INDL,C,D,STD,438516106,USD,4141.0000,10132.0000,525.0000,145.0030,479.0000,385.0000,0.0000,528.0000,3227.0000,6720.0000,0.0000,0.0000,69.0000,722.0000,,A,3724,4.0000,3728
001300,10145,19901231,1990,INDL,C,D,STD,438516106,USD,4316.0000,10456.0000,382.0000,134.6880,697.0000,426.0000,0.0000,462.0000,3424.0000,7076.0000,0.0000,0.0000,17.0000,673.0000,,A,3724,4.0000,3728
001300,10145,19911231,1991,INDL,C,D,STD,438516106,USD,4129.0000,10382.0000,238.0000,138.1500,881.0000,470.0000,0.0000,-273.0000,3603.0000,7399.0000,0.0000,0.0000,-196.0000,593.0000,,A,3724,4.0000,3728
001300,10145,19921231,1992,INDL,C,D,STD,438516106,USD,4919.0000,10756.0000,931.0000,141.8830,336.0000,496.0000,0.0000,535.0000,3505.0000,8505.0000,0.0000,0.0000,83.0000,412.0000,,A,3724,4.0000,3728
001300,10145,19931231,1993,INDL,C,D,STD,438516106,USD,4567.0000,10829.0000,892.0000,141.9170,358.0000,514.0000,0.0000,656.0000,3489.0000,8439.0000,0.0000,0.0000,110.0000,339.0000,,A,3724,4.0000,3728
001300,10145,19941231,1994,INDL,C,D,STD,438516106,USD,4585.0000,11321.0000,508.0000,283.1320,263.0000,523.0000,0.0000,759.0000,3391.0000,8339.0000,0.0000,0.0000,180.0000,406.0000,,A,3714,2.0000,3728
001300,10145,19951231,1995,INDL,C,D,STD,438516106,USD,4890.0000,12465.0000,540.0000,282.7700,644.0000,612.0000,0.0000,875.0000,3804.0000,8873.0000,0.0000,0.0000,199.0000,551.0000,,A,3714,2.0000,3728
001300,10145,19961231,1996,INDL,C,D,STD,438516106,USD,5839.0000,12829.0000,1766.0000,282.8150,614.0000,602.0000,0.0000,1020.0000,3696.0000,8649.0000,0.0000,0.0000,213.0000,610.0000,,A,3724,2.0000,3728
001300,10145,19971231,1997,INDL,C,D,STD,438516106,USD,5573.0000,13707.0000,1041.0000,558.3430,1092.0000,609.0000,0.0000,1170.0000,4436.0000,9321.0000,0.0000,0.0000,138.0000,694.0000,,A,3724,1.0000,3728
001300,10145,19981231,1998,INDL,C,D,STD,438516106,USD,5593.0000,15560.0000,712.0000,558.4660,2011.0000,609.0000,0.0000,1331.0000,5185.0000,10263.0000,0.0000,0.0000,233.0000,795.0000,,A,3728,1.0000,3728
001300,10145,19991231,1999,INDL,C,D,STD,438516106,USD,10422.0000,23527.0000,1991.0000,795.1330,2609.0000,881.0000,0.0000,1541.0000,8272.0000,14928.0000,0.0000,0.0000,-11.0000,864.0000,,A,3728,1.0000,3728
001300,10145,20001231,2000,INDL,C,D,STD,438516106,USD,10661.0000,25175.0000,1196.0000,807.2920,1682.0000,995.0000,0.0000,1659.0000,7214.0000,15468.0000,0.0000,0.0000,414.0000,1173.0000,,A,3728,1.0000,3728
001300,10145,20011231,2001,INDL,C,D,STD,438516106,USD,9894.0000,24226.0000,1393.0000,814.9660,539.0000,723.0000,0.0000,-99.0000,6220.0000,15056.0000,0.0000,0.0000,-456.0000,875.0000,,A,3728,1.0000,3728
001300,10145,20021231,2002,INDL,C,D,STD,438516106,USD,10195.0000,27559.0000,2021.0000,854.4930,370.0000,730.0000,0.0000,-220.0000,6574.0000,18634.0000,0.0000,0.0000,-793.0000,419.0000,,A,3728,1.0000,3728
001300,10145,20031231,2003,INDL,C,D,STD,438516106,USD,11523.0000,29344.0000,2950.0000,862.3300,199.0000,661.0000,0.0000,1344.0000,6783.0000,18615.0000,0.0000,0.0000,344.0000,316.0000,,A,3728,1.0000,3728
001300,10145,20041231,2004,INDL,C,D,STD,438516106,USD,12820.0000,31062.0000,3586.0000,850.0130,1204.0000,650.0000,0.0000,1281.0000,8739.0000,19810.0000,0.0000,0.0000,223.0000,397.0000,,A,3728,1.0000,3728
001300,10145,20051231,2005,INDL,C,D,STD,438516106,USD,11962.0000,32294.0000,1234.0000,829.4830,2024.0000,697.0000,0.0000,1581.0000,10430.0000,21040.0000,0.0000,0.0000,52.0000,503.0000,,A,3728,1.0000,3728
001300,10145,20061231,2006,INDL,C,D,STD,438516106,USD,12304.0000,30941.0000,1224.0000,800.5920,1154.0000,794.0000,0.0000,2078.0000,10135.0000,21221.0000,0.0000,0.0000,450.0000,352.0000,,A,3728,1.0000,3728
001300,10145,20071231,2007,INDL,C,D,STD,438516106,USD,13685.0000,33805.0000,1829.0000,746.5540,2238.0000,837.0000,0.0000,2444.0000,11941.0000,24583.0000,0.0000,0.0000,332.0000,734.0000,,A,3728,1.0000,3728
001300,10145,20081231,2008,INDL,C,D,STD,438516106,USD,13263.0000,35490.0000,2065.0000,734.5860,2510.0000,905.0000,0.0000,2792.0000,12289.0000,28303.0000,0.0000,0.0000,115.0000,698.0000,,A,3728,1.0000,3728
001300,10145,20091231,2009,INDL,C,D,STD,438516106,USD,13936.0000,36004.0000,2801.0000,764.2090,1361.0000,960.0000,0.0000,2153.0000,11147.0000,27050.0000,0.0000,0.0000,371.0000,542.0000,,A,3728,1.0000,3728
001300,10145,20101231,2010,INDL,C,D,STD,438516106,USD,15011.0000,37834.0000,2650.0000,783.0000,889.0000,989.0000,0.0000,2022.0000,11717.0000,27047.0000,0.0000,0.0000,878.0000,636.0000,,A,3728,1.0000,3728
001300,10145,20111231,2011,INDL,C,D,STD,438516106,USD,16134.0000,39808.0000,3698.0000,774.7000,674.0000,948.0000,0.0000,1858.0000,12275.0000,28906.0000,0.0000,0.0000,-331.0000,676.0000,,A,3728,1.0000,3728
001440,24109,19611231,1961,INDL,C,D,STD,025537101,USD,120.5750,1561.1100,,21.9030,28.8710,49.6200,4.3320,59.4300,120.4330,1006.1710,98.5250,98.5250,,126.8290,98.5250,A,,2.1116,4911
001440,24109,19621231,1962,INDL,C,D,STD,025537101,USD,134.0130,1654.7660,,43.8070,17.0440,51.5840,4.3200,68.2080,113.5530,1080.7910,98.1330,98.1330,,146.0390,98.1330,A,,1.0558,4911
001440,24109,19631231,1963,INDL,C,D,STD,025537101,USD,141.5530,1724.4490,,45.1210,9.8300,54.4550,4.3100,73.8000,109.7930,1130.7210,98.0890,98.0890,,161.1150,98.0890,A,,1.0250,4911
001440,24109,19641231,1964,INDL,C,D,STD,025537101,USD,150.9570,1752.6810,,45.1210,9.4500,56.8570,4.3080,79.3210,117.2060,1137.9460,98.0630,98.0630,,166.7120,98.0630,A,,1.0250,4911
001440,24109,19651231,1965,INDL,C,D,STD,025537101,USD,142.7700,1828.9290,,45.1210,59.0000,59.1830,4.3040,84.5060,172.4120,1191.0240,97.7940,97.7940,,168.4390,97.7940,A,,1.0250,4911
001440,24109,19661231,1966,INDL,C,D,STD,025537101,USD,159.2500,1987.5200,,46.2490,64.7750,61.1610,4.2930,92.0190,190.3260,1323.4720,97.7350,97.7350,,163.5880,97.7350,A,,1.0000,4911
001440,24109,19671231,1967,INDL,C,D,STD,025537101,USD,138.9900,2155.7520,,47.4490,52.4350,67.1130,4.2900,98.4040,207.4780,1421.4780,97.6260,97.6260,,158.3310,97.6260,A,,1.0000,4911
001440,24109,19681231,1968,INDL,C,D,STD,025537101,USD,178.0260,2385.8430,,47.4490,124.2620,70.5480,4.2800,104.1010,271.4770,1624.7390,97.4140,97.4140,,153.8130,97.4140,A,,1.0000,4911
001440,24109,19691231,1969,INDL,C,D,STD,025537101,USD,181.2450,2786.6080,,50.0000,120.8590,75.4180,4.2730,110.6020,281.0590,1921.7200,97.2950,97.2950,,149.8540,97.2950,A,,1.0000,4911
001440,24109,19701231,1970,INDL,C,D,STD,025537101,USD,197.2360,3241.8880,,54.0000,237.8600,83.0310,4.2670,121.1530,449.2980,2248.5200,97.1320,97.1320,,147.3120,97.1320,A,,1.0000,4911
001440,24109,19711231,1971,INDL,C,D,STD,025537101,USD,250.4980,3808.9680,,59.5000,248.3100,91.9780,9.2000,144.1710,480.4640,2481.0040,251.9770,251.9770,,146.2950,251.9770,A,,1.0000,4911
001440,24109,19721231,1972,INDL,C,D,STD,025537101,USD,367.9390,4434.4380,,59.5000,245.0050,105.7200,20.3460,176.6030,518.7640,2950.0990,356.8970,356.8970,,145.5900,356.8970,A,,1.0000,4911
001440,24109,19731231,1973,INDL,C,D,STD,025537101,USD,384.6870,5071.3160,146.5110,66.0000,315.9840,113.9370,25.3080,207.9200,583.3310,3307.4510,416.5680,416.5680,,143.1030,0.0000,A,,1.0000,4911
001440,24109,19741231,1974,INDL,C,D,STD,025537101,USD,589.4800,5923.1050,130.4350,73.0000,535.1430,126.5480,30.7140,176.5360,882.0440,3906.5170,461.5640,461.5640,,154.8270,0.0000,A,,1.0000,4911
001440,24109,19751231,1975,INDL,C,D,STD,025537101,USD,676.6760,6408.2810,234.5100,83.0000,462.8510,156.4350,38.4590,239.7590,859.9490,4150.5190,532.7100,532.7100,,173.6940,0.0000,A,,1.0000,4911
001440,24109,19761231,1976,INDL,C,D,STD,025537101,USD,753.4210,6879.4570,262.3250,93.0000,375.7660,181.5420,43.7580,285.4790,779.7530,4378.1970,532.6700,532.6700,,222.1630,0.0000,A,,1.0000,4911
001440,24109,19771231,1977,INDL,C,D,STD,025537101,USD,802.4010,7449.6720,200.4900,102.9650,374.4660,184.9160,45.8140,282.7080,819.1830,4667.4130,572.4840,572.4840,,252.2400,0.0000,A,,1.0000,4911
001440,24109,19781231,1978,INDL,C,D,STD,025537101,USD,791.3320,8063.4800,141.7610,110.6750,549.6930,203.5000,52.9100,289.2410,1043.4530,5037.8230,650.9900,650.9900,,309.4850,0.0000,A,,1.0000,4911
001440,24109,19791231,1979,INDL,C,D,STD,025537101,USD,891.4830,8780.3670,112.8080,121.3410,534.7990,223.5610,57.8580,318.4930,1078.6710,5468.2970,730.2020,725.4520,,389.2210,0.0000,A,,1.0000,4911
001440,24109,19801231,1980,INDL,C,D,STD,025537101,USD,1174.4890,10952.0000,80.4600,146.8920,760.1450,283.4510,76.9800,425.3570,1451.1160,6982.2800,878.9530,874.3550,,542.2030,0.0000,A,,1.0000,4911
001440,24109,19811231,1981,INDL,C,D,STD,025537101,USD,1218.0410,11567.0000,90.6440,161.1600,740.0410,319.3300,88.1760,456.4550,1486.5770,7255.9890,989.7160,989.4790,,669.0660,0.0000,A,,1.0000,4911
001440,24109,19821231,1982,INDL,C,D,STD,025537101,USD,1396.6090,12223.8010,121.4340,171.8050,739.6550,334.1370,105.7360,440.7630,1527.1970,7720.6200,1044.3450,1040.6190,150.3960,804.8560,0.0000,A,,1.0000,4911
001440,24109,19831231,1983,INDL,C,D,STD,025537101,USD,1414.0800,12831.9020,109.1780,179.8110,453.7750,341.3540,106.1900,534.1460,1291.1950,8176.2990,1019.7610,1016.3290,,1056.8570,0.0000,A,,1.0000,4911
001440,24109,19841231,1984,INDL,C,D,STD,025537101,USD,1761.5700,13553.2030,397.5730,189.6800,552.0250,348.5190,102.7380,590.3050,1421.2060,8699.3880,991.9410,986.7450,310.8980,1430.9730,0.0000,A,,1.0000,4911
001440,24109,19851231,1985,INDL,C,D,STD,025537101,USD,1691.9550,13621.5040,402.7060,193.5350,546.1190,385.7370,99.8180,584.7820,1407.4900,8723.5660,967.3390,959.6650,282.0280,1730.6800,0.0000,A,,1.0000,4911
001440,24109,19861231,1986,INDL,C,D,STD,025537101,USD,1496.4010,13591.6020,287.8220,193.5350,205.0040,403.5820,95.4990,602.6700,1139.7890,8672.3500,929.7510,911.3310,148.7720,1890.5440,0.0000,A,,1.0000,4911
001440,24109,19871231,1987,INDL,C,D,STD,025537101,USD,1519.0380,14011.0040,230.0320,193.5350,346.5120,419.7730,80.1000,582.5600,1262.0770,9183.2300,778.0330,775.6140,18.4780,1928.5990,0.0000,A,4911,1.0000,4911
001440,24109,19881231,1988,INDL,C,D,STD,025537101,USD,1399.6100,14262.5040,308.3250,193.5350,549.3260,451.1220,66.1120,692.9550,1427.4000,9290.5880,748.3140,745.8950,88.1690,2011.4170,0.0000,A,4911,1.0000,4911
001440,24109,19891231,1989,INDL,C,D,STD,025537101,USD,2371.3630,14745.8010,1172.8060,193.5350,841.8560,462.0190,62.7940,691.7110,2171.7020,9650.5100,721.4990,701.0500,-282.6500,2007.6560,0.0000,A,4911,1.0000,4911
001440,24109,19901231,1990,INDL,C,D,STD,025537101,USD,1400.7220,13989.0980,119.8580,184.5350,435.9400,477.5110,52.6250,549.0390,1359.2680,9142.1170,679.8080,679.8080,-19.8530,2005.9180,0.0000,A,4911,1.0000,4911
001440,24109,19911231,1991,INDL,C,D,STD,025537101,USD,1487.0980,14125.2970,122.2360,184.5350,712.9170,507.5950,53.5160,551.4510,1632.9720,9230.4960,675.6400,672.5500,-8.5790,1842.7790,0.0000,A,4911,1.0000,4911
001440,24109,19921231,1992,INDL,C,D,STD,025537101,USD,1561.0660,14276.7970,145.2120,184.5350,509.4510,509.5540,59.3480,527.6510,1450.4130,9265.3540,768.4870,765.4000,76.7260,1678.4950,0.0000,A,4911,1.0000,4911
001440,24109,19931231,1993,INDL,C,D,STD,025537101,USD,1297.0030,15341.3980,42.5610,184.5350,372.3320,530.7310,58.8180,412.5870,1470.8240,10420.3810,768.7770,768.6900,-83.4190,2955.5160,0.0000,A,4911,1.0000,4911
001440,24109,19941231,1994,INDL,C,D,STD,025537101,USD,1281.4380,15712.6990,62.8660,185.2350,703.9080,572.1890,54.6950,554.7070,1834.6520,10659.5280,823.6250,823.5400,-42.3530,2929.5820,0.0000,A,4911,1.0000,4911
001440,24109,19951231,1995,INDL,C,D,STD,025537101,USD,1401.8580,15902.2970,79.9550,186.6350,591.7640,593.0190,54.7710,584.6740,1625.0620,10899.1770,670.9750,663.3250,-14.0190,3086.6920,0.0000,A,4911,1.0000,4911
001440,24109,19961231,1996,INDL,C,D,STD,025537101,USD,1354.8810,15885.5000,57.5390,188.2350,496.1900,600.8510,41.4260,628.8560,1496.0370,10739.9940,600.2230,600.2230,-47.4040,3047.1930,0.0000,A,4911,1.0000,4911
001440,24109,19971231,1997,INDL,C,D,STD,025537101,USD,1518.1360,16615.3000,91.4810,189.9900,950.6180,591.0710,17.8310,638.2110,2083.6930,11763.7830,174.3290,174.3290,-31.9080,2937.1710,0.0000,A,4911,1.0000,4911
001440,24109,19981231,1998,INDL,C,D,STD,025537101,USD,2217.6690,19483.2020,172.9850,191.8160,904.7410,579.9970,10.9260,547.1090,2801.6370,14467.8150,173.6070,173.6070,15.9850,2952.3480,0.0000,A,4911,1.0000,4911
001440,24109,19991231,1999,INDL,C,D,STD,025537101,USD,3216.0000,21488.0000,333.0000,194.1030,2090.0000,600.0000,11.0000,531.0000,4670.0000,16318.0000,164.0000,164.0000,118.0000,3071.0000,0.0000,A,4911,1.0000,4911
001440,24109,20001231,2000,INDL,C,D,STD,025537101,USD,22031.0000,54548.0000,437.0000,322.0190,5680.0000,1062.0000,103.0000,405.0000,27067.0000,46333.0000,161.0000,161.0000,-225.0000,5403.0000,0.0000,A,4911,1.0000,4911
001440,24109,20011231,2001,INDL,C,D,STD,025537101,USD,12563.0000,47281.0000,333.0000,322.2350,5550.0000,1383.0000,10.0000,1013.0000,18099.0000,38146.0000,156.0000,156.0000,101.0000,5314.0000,0.0000,A,4911,1.0000,4911
001440,24109,20021231,2002,INDL,C,D,STD,025537101,USD,6101.0000,34741.0000,1213.0000,338.8350,4855.0000,1377.0000,11.0000,32.0000,9790.0000,26773.0000,145.0000,145.0000,-161.0000,4371.0000,0.0000,A,4911,1.0000,4911
001440,24109,20031231,2003,INDL,C,D,STD,025537101,USD,4897.0000,36744.0000,1182.0000,395.0160,2156.0000,1299.0000,9.0000,531.0000,5982.0000,28809.0000,61.0000,61.0000,35.0000,4379.0000,0.0000,A,4911,1.0000,4911
001440,24109,20041231,2004,INDL,C,D,STD,025537101,USD,4021.0000,34663.0000,595.0000,395.8580,1421.0000,1300.0000,6.0000,1133.0000,5007.0000,26087.0000,61.0000,61.0000,260.0000,5212.0000,0.0000,A,4911,1.0000,4911
001440,24109,20051231,2005,INDL,C,D,STD,025537101,USD,3945.0000,36172.0000,528.0000,393.7190,1221.0000,1318.0000,7.0000,1036.0000,5460.0000,27023.0000,61.0000,61.0000,32.0000,5171.0000,0.0000,A,4911,1.0000,4911
001440,24109,20061231,2006,INDL,C,D,STD,025537101,USD,3588.0000,37987.0000,726.0000,396.6750,1368.0000,1467.0000,3.0000,995.0000,5456.0000,28514.0000,61.0000,61.0000,-5.0000,5022.0000,0.0000,A,4911,1.0000,4911
001440,24109,20071231,2007,INDL,C,D,STD,025537101,USD,3052.0000,40366.0000,543.0000,400.4270,1556.0000,1513.0000,3.0000,1147.0000,5207.0000,30226.0000,61.0000,61.0000,51.0000,5041.0000,0.0000,A,4911,1.0000,4911
001440,24109,20081231,2008,INDL,C,D,STD,025537101,USD,3775.0000,45155.0000,738.0000,406.0710,2522.0000,1483.0000,3.0000,1371.0000,6297.0000,34401.0000,61.0000,61.0000,478.0000,5422.0000,0.0000,A,4911,1.0000,4911
001440,24109,20091231,2009,INDL,C,D,STD,025537101,USD,4756.0000,48348.0000,853.0000,478.0540,1940.0000,1597.0000,3.0000,1365.0000,5327.0000,35147.0000,61.0000,61.0000,1226.0000,6700.0000,0.0000,A,4911,1.0000,4911
001440,24109,20101231,2010,INDL,C,D,STD,025537101,USD,5016.0000,50455.0000,710.0000,480.8070,2731.0000,1641.0000,3.0000,1214.0000,6518.0000,36773.0000,60.0000,60.0000,798.0000,7633.0000,0.0000,A,4911,1.0000,4911
001440,24109,20111231,2011,INDL,C,D,STD,025537101,USD,4182.0000,52223.0000,515.0000,483.4230,3157.0000,1655.0000,5.0000,1573.0000,6611.0000,37558.0000,0.0000,0.0000,761.0000,8398.0000,0.0000,A,4911,1.0000,4911
002285,19561,19611231,1961,INDL,C,D,STD,097023105,USD,445.7000,590.3000,52.1000,7.9820,0.0000,20.6360,0.0000,35.6600,266.3000,330.9120,0.0000,0.0000,0.0000,0.0000,,A,,60.7500,3721
002285,19561,19621231,1962,INDL,C,D,STD,097023105,USD,509.5000,648.1000,28.3000,7.9920,66.6000,21.0490,0.0000,27.1500,312.2000,377.3000,0.0000,0.0000,,0.0000,,A,,60.7500,3721
002285,19561,19631231,1963,INDL,C,D,STD,097023105,USD,542.2000,690.3000,23.2000,8.0130,37.1000,21.5590,0.0000,21.6790,298.8000,413.9650,0.0000,0.0000,,0.0000,,A,,60.7500,3721
002285,19561,19641231,1964,INDL,C,D,STD,097023105,USD,486.9660,651.4410,47.7670,8.0370,0.0000,24.6670,0.0000,45.3240,235.2940,345.0010,0.0000,0.0000,,0.0000,,A,,60.7500,3721
002285,19561,19651231,1965,INDL,C,D,STD,097023105,USD,552.4420,762.2270,97.1210,8.1870,2.7500,25.4890,0.0000,78.2700,292.1820,390.4710,0.0000,0.0000,,0.0000,,A,,60.7500,3721
002285,19561,19661231,1966,INDL,C,D,STD,097023105,USD,802.0000,1444.5000,72.2000,19.4970,5.4000,50.0460,0.0000,76.1330,367.7000,880.8430,0.0000,0.0000,24.0000,46.5970,,A,,30.3750,3721
002285,19561,19671231,1967,INDL,C,D,STD,097023105,USD,1062.7000,2030.4000,64.0000,21.5970,62.9000,93.2300,0.0000,83.9380,704.3850,1278.8080,0.0000,0.0000,23.1300,93.9230,,A,,30.3750,3721
002285,19561,19681231,1968,INDL,C,D,STD,097023105,USD,1256.1000,2186.1000,58.4000,21.6470,14.7000,114.4390,0.0000,82.9720,789.1000,1375.7390,0.0000,0.0000,0.8200,116.1390,,A,,30.3750,3721
002285,19561,19691231,1969,INDL,C,D,STD,097023105,USD,1690.5280,2602.4440,81.2050,21.6830,188.2050,122.2260,0.0000,10.2300,1080.0610,1806.4280,0.0000,0.0000,-19.6000,93.9000,,A,,30.3750,3721
002285,19561,19701231,1970,INDL,C,D,STD,097023105,USD,1769.2480,2621.8190,63.2650,21.6830,218.5270,112.8950,0.0000,22.0900,1112.6300,1812.3860,0.0000,0.0000,-21.7000,76.0000,,A,,30.3750,3721
002285,19561,19711231,1971,INDL,C,D,STD,097023105,USD,1727.2870,2464.4240,88.2610,21.6830,375.4920,101.8550,0.0000,22.4300,1032.4960,1621.4540,0.0000,0.0000,-0.5000,61.4000,,A,,30.3750,3721
002285,19561,19721231,1972,INDL,C,D,STD,097023105,USD,1463.3760,2127.3960,50.9520,21.6890,249.5370,85.0110,0.0000,30.4050,724.8390,1262.5770,0.0000,0.0000,-15.6000,35.1000,,A,,30.3750,3721
002285,19561,19731231,1973,INDL,C,D,STD,097023105,USD,1056.8080,1683.0590,51.5200,21.2960,113.1260,73.5150,0.0000,51.2150,592.9880,782.9370,0.0000,0.0000,-23.5000,25.1000,,A,,30.3750,3721
002285,19561,19741231,1974,INDL,C,D,STD,097023105,USD,1114.3940,1746.3140,39.4980,21.1710,19.4270,70.6070,0.0000,72.4320,612.3080,791.3470,0.0000,0.0000,7.9000,30.0000,,A,,30.3750,3721
002285,19561,19751231,1975,INDL,C,D,STD,097023105,USD,1175.1330,1788.8960,108.5930,21.1980,21.9340,78.2340,0.0000,76.3470,597.4750,778.8030,0.0000,0.0000,5.3000,48.3000,,A,,30.3750,3721
002285,19561,19761231,1976,INDL,C,D,STD,097023105,USD,1279.9880,1918.5970,550.0200,21.2370,21.2290,79.3010,0.0000,102.8950,644.7050,833.7720,0.0000,0.0000,5.4000,71.4000,,A,,30.3750,3721
002285,19561,19771231,1977,INDL,C,D,STD,097023105,USD,1771.0000,2440.4010,1009.7000,42.6160,16.9000,81.8000,0.0000,180.3000,1029.9000,1209.1000,0.0000,0.0000,-7.3000,75.1000,,A,,15.1875,3721
002285,19561,19781231,1978,INDL,C,D,STD,097023105,USD,2776.6980,3573.2000,1848.4000,42.7050,16.0000,95.7000,0.0000,322.9000,1855.8000,2099.6000,0.0000,0.0000,360.0000,152.4000,,A,,15.1875,3721
002285,19561,19791231,1979,INDL,C,D,STD,097023105,USD,3625.1010,4897.1950,2299.9000,64.1850,13.8000,132.9000,0.0000,505.4000,2750.9010,3049.7010,0.0000,0.0000,100.2000,218.1000,,A,,10.1250,3721
002285,19561,19801231,1980,INDL,C,D,STD,097023105,USD,4100.1950,5931.2970,1615.3000,96.3630,13.9000,206.0000,0.0000,600.5000,3128.5010,3616.5010,0.0000,0.0000,61.8000,411.8000,,A,,6.7500,3721
002285,19561,19811231,1981,INDL,C,D,STD,097023105,USD,4721.8950,6953.6950,920.3000,96.4940,17.0000,291.1000,0.0000,473.0000,3250.6000,4298.5000,0.0000,0.0000,202.5000,720.9000,,A,,6.7500,3721
002285,19561,19821231,1982,INDL,C,D,STD,097023105,USD,5387.0000,7593.0000,294.0000,96.5900,158.0000,350.0000,0.0000,292.0000,3587.0000,4780.0000,0.0000,0.0000,106.0000,878.0000,,A,,6.7500,3721
002285,19561,19831231,1983,INDL,C,D,STD,097023105,USD,5162.0000,7471.0000,1095.0000,96.9610,82.0000,365.0000,0.0000,355.0000,3205.0000,4433.0000,0.0000,0.0000,120.0000,927.0000,,A,,6.7500,3721
002285,19561,19841231,1984,INDL,C,D,STD,097023105,USD,6170.0000,8485.0000,1595.0000,97.2250,15.0000,365.0000,0.0000,787.0000,4040.0000,4790.0000,0.0000,0.0000,174.0000,466.0000,,A,,6.7500,3721
002285,19561,19851231,1985,INDL,C,D,STD,097023105,USD,6766.0000,9246.0000,3209.0000,155.1890,18.0000,386.0000,0.0000,566.0000,4417.0000,4882.0000,0.0000,0.0000,219.0000,449.0000,,A,,4.5000,3721
002285,19561,19861231,1986,INDL,C,D,STD,097023105,USD,8478.0000,11068.0000,4172.0000,155.0950,14.0000,463.0000,0.0000,665.0000,5659.0000,6242.0000,0.0000,0.0000,264.0000,320.0000,,A,,4.5000,3721
002285,19561,19871231,1987,INDL,C,D,STD,097023105,USD,9313.0000,12566.0000,3435.0000,152.2730,14.0000,501.0000,0.0000,480.0000,7064.0000,7579.0000,0.0000,0.0000,-372.0000,259.0000,,A,3721,4.5000,3721
002285,19561,19881231,1988,INDL,C,D,STD,097023105,USD,8561.0000,12608.0000,3963.0000,153.2330,7.0000,567.0000,0.0000,614.0000,6705.0000,7204.0000,0.0000,0.0000,-715.0000,248.0000,,A,3721,4.5000,3721
002285,19561,19891231,1989,INDL,C,D,STD,097023105,USD,8660.0000,13278.0000,1863.0000,230.5560,5.0000,627.0000,0.0000,675.0000,6673.0000,7147.0000,0.0000,0.0000,-265.0000,199.0000,,A,3721,3.0000,3721
002285,19561,19901231,1990,INDL,C,D,STD,097023105,USD,8770.0000,14591.0000,3326.0000,343.5740,4.0000,678.0000,0.0000,1385.0000,7132.0000,7618.0000,0.0000,0.0000,-118.0000,175.0000,,A,3721,2.0000,3721
002285,19561,19911231,1991,INDL,C,D,STD,097023105,USD,8829.0000,15784.0000,3453.0000,341.2880,4.0000,826.0000,0.0000,1567.0000,6276.0000,7691.0000,0.0000,0.0000,95.0000,102.0000,,A,3721,2.0000,3721
002285,19561,19921231,1992,INDL,C,D,STD,097023105,USD,8087.0000,18147.0000,3614.0000,339.4200,21.0000,961.0000,0.0000,1554.0000,6140.0000,9916.0000,175.0000,175.0000,-26.0000,0.0000,,A,3721,2.0000,3721
002285,19561,19931231,1993,INDL,C,D,STD,097023105,USD,9175.0000,20450.0000,3108.0000,340.1380,17.0000,1025.0000,0.0000,1244.0000,6531.0000,11292.0000,175.0000,175.0000,-536.0000,0.0000,,A,3721,2.0000,3721
002285,19561,19941231,1994,INDL,C,D,STD,097023105,USD,10414.0000,21463.0000,2643.0000,340.8790,6.0000,1142.0000,0.0000,856.0000,6827.0000,11763.0000,0.0000,0.0000,36.0000,51.0000,,A,3721,2.0000,3721
002285,19561,19951231,1995,INDL,C,D,STD,097023105,USD,13178.0000,22098.0000,3730.0000,343.9530,271.0000,1033.0000,0.0000,393.0000,7415.0000,12200.0000,0.0000,0.0000,-71.0000,0.0000,,A,3721,2.0000,3721
002285,19561,19961231,1996,INDL,C,D,STD,097023105,USD,15080.0000,27254.0000,5258.0000,347.3630,13.0000,991.0000,0.0000,1095.0000,8642.0000,16313.0000,0.0000,0.0000,-56.0000,0.0000,,A,3721,2.0000,3721
002285,19561,19971231,1997,INDL,C,D,STD,097023105,USD,19263.0000,38024.0000,5149.0000,973.4800,731.0000,1458.0000,0.0000,-178.0000,14152.0000,25071.0000,0.0000,0.0000,-275.0000,0.0000,,A,3721,1.0000,3721
002285,19561,19981231,1998,INDL,C,D,STD,097023105,USD,16375.0000,36672.0000,2462.0000,937.8570,869.0000,1622.0000,0.0000,1120.0000,13422.0000,24356.0000,0.0000,0.0000,-126.0000,0.0000,,A,3721,1.0000,3721
002285,19561,19991231,1999,INDL,C,D,STD,097023105,USD,15712.0000,36147.0000,3454.0000,870.8170,752.0000,1645.0000,0.0000,2309.0000,13656.0000,24685.0000,0.0000,0.0000,611.0000,172.0000,,A,3721,1.0000,3721
002285,19561,20001231,2000,INDL,C,D,STD,097023105,USD,15864.0000,42028.0000,1010.0000,836.3290,1232.0000,1479.0000,0.0000,2128.0000,18289.0000,31008.0000,0.0000,0.0000,-892.0000,0.0000,,A,3721,1.0000,3721
002285,19561,20011231,2001,INDL,C,D,STD,097023105,USD,16206.0000,48343.0000,633.0000,797.8890,1399.0000,1750.0000,0.0000,2826.0000,20486.0000,37518.0000,0.0000,0.0000,204.0000,177.0000,,A,3721,1.0000,3721
002285,19561,20021231,2002,INDL,C,D,STD,097023105,USD,16855.0000,52342.0000,2333.0000,799.6610,1814.0000,1344.0000,0.0000,2319.0000,19810.0000,44646.0000,0.0000,0.0000,683.0000,0.0000,,A,3721,1.0000,3721
002285,19561,20031231,2003,INDL,C,D,STD,097023105,USD,17258.0000,53035.0000,4633.0000,800.2830,1144.0000,1450.0000,0.0000,718.0000,18448.0000,44896.0000,0.0000,0.0000,1563.0000,0.0000,,A,3721,1.0000,3721
002285,19561,20041231,2004,INDL,C,D,STD,097023105,USD,15100.0000,53963.0000,3523.0000,793.2020,1321.0000,1125.0000,0.0000,1820.0000,20835.0000,42677.0000,0.0000,0.0000,633.0000,1090.0000,,A,3721,1.0000,3721
002285,19561,20051231,2005,INDL,C,D,STD,097023105,USD,21968.0000,60058.0000,5966.0000,760.5770,1189.0000,1092.0000,0.0000,2562.0000,28188.0000,48999.0000,0.0000,0.0000,561.0000,2067.0000,,A,3721,1.0000,3721
002285,19561,20061231,2006,INDL,C,D,STD,097023105,USD,22983.0000,51794.0000,6386.0000,757.8360,1381.0000,1158.0000,0.0000,2206.0000,29701.0000,47055.0000,0.0000,0.0000,818.0000,0.0000,,A,3721,1.0000,3721
002285,19561,20071231,2007,INDL,C,D,STD,097023105,USD,27280.0000,58986.0000,9308.0000,736.6810,762.0000,1130.0000,0.0000,4058.0000,31538.0000,49982.0000,0.0000,0.0000,497.0000,1190.0000,,A,3721,1.0000,3721
002285,19561,20081231,2008,INDL,C,D,STD,097023105,USD,25964.0000,53779.0000,3279.0000,698.1380,560.0000,1179.0000,0.0000,2654.0000,30925.0000,55073.0000,0.0000,0.0000,1248.0000,0.0000,,A,3721,1.0000,3721
002285,19561,20091231,2009,INDL,C,D,STD,097023105,USD,35275.0000,62053.0000,11223.0000,726.2910,707.0000,1273.0000,0.0000,1335.0000,32883.0000,59828.0000,0.0000,0.0000,314.0000,0.0000,,A,3721,1.0000,3721
002285,19561,20101231,2010,INDL,C,D,STD,097023105,USD,40572.0000,68565.0000,10517.0000,735.2590,948.0000,1313.0000,0.0000,3311.0000,35395.0000,65703.0000,0.0000,0.0000,1240.0000,0.0000,,A,3721,1.0000,3721
002285,19561,20111231,2011,INDL,C,D,STD,097023105,USD,49810.0000,79986.0000,11272.0000,744.7050,2353.0000,1322.0000,0.0000,4011.0000,41274.0000,76378.0000,0.0000,0.0000,1916.0000,0.0000,,A,3721,1.0000,3721
004503,11850,19611231,1961,INDL,C,D,STD,30231G102,USD,3490.4000,10494.4140,1428.6000,215.4050,294.6000,545.7000,0.0000,758.0800,1695.2000,3104.0160,0.0000,0.0000,0.0000,0.0000,,A,,32.0000,2911
004503,11850,19621231,1962,INDL,C,D,STD,30231G102,USD,3765.1000,11487.6950,1392.3000,215.5230,469.1000,586.4700,0.0000,840.9000,1999.4000,3552.3770,0.0000,0.0000,0.0000,274.1610,,A,,32.0000,2911
004503,11850,19631231,1963,INDL,C,D,STD,30231G102,USD,4065.6000,11996.6990,1480.6000,215.2940,566.6000,583.7600,0.0000,1019.4700,2204.1000,3018.6000,0.0000,0.0000,,0.0000,,A,,32.0000,2911
004503,11850,19641231,1964,INDL,C,D,STD,30231G102,USD,4027.8000,12489.5980,1326.3000,215.7030,576.5000,612.5400,0.0000,1050.5600,2270.5000,3710.3910,0.0000,0.0000,,0.0000,,A,,32.0000,2911
004503,11850,19651231,1965,INDL,C,D,STD,30231G102,USD,4275.0000,13073.3980,1345.9000,215.4260,544.7000,654.3900,0.0000,1035.6750,2444.6000,3951.6560,0.0000,0.0000,,0.0000,,A,,32.0000,2911
004503,11850,19661231,1966,INDL,C,D,STD,30231G102,USD,4541.5000,13852.7970,1225.3000,215.4440,693.9000,699.7900,0.0000,1090.9400,2762.5000,4477.1880,0.0000,0.0000,,0.0000,,A,,32.0000,2911
004503,11850,19671231,1967,INDL,C,D,STD,30231G102,USD,5033.4800,15197.4380,1372.3000,215.1930,960.6000,760.8310,0.0000,1192.2830,3165.9360,5336.8390,0.0000,0.0000,51.3100,0.0000,,A,,32.0000,2911
004503,11850,19681231,1968,INDL,C,D,STD,30231G102,USD,5524.0980,16786.3980,1366.9000,215.0740,975.6000,849.1600,0.0000,1276.6810,3432.7000,6498.0520,0.0000,0.0000,81.3800,431.7550,,A,,32.0000,2911
004503,11850,19691231,1969,INDL,C,D,STD,30231G102,USD,5634.0000,17538.0000,1276.2000,215.0610,1093.7020,856.8400,0.0000,1242.6390,3789.2730,6990.4050,0.0000,0.0000,43.9800,485.4290,,A,,32.0000,2911
004503,11850,19701231,1970,INDL,C,D,STD,30231G102,USD,6527.7460,19241.7970,1539.3530,223.7290,1349.9340,1158.7710,0.0000,1309.5370,4240.0550,7819.7530,0.0000,0.0000,56.9050,552.5480,,A,,32.0000,2911
004503,11850,19711231,1971,INDL,C,D,STD,30231G102,USD,6790.5040,20315.1990,1619.3390,224.2270,1186.2840,1279.3400,0.0000,1516.5620,4329.7380,8228.1050,0.0000,0.0000,55.6050,593.9380,,A,,32.0000,2911
004503,11850,19721231,1972,INDL,C,D,STD,30231G102,USD,7098.5780,21558.2970,1692.8220,224.2650,1161.1420,1059.7270,0.0000,1531.7700,4707.1050,8752.3690,0.0000,0.0000,128.7360,750.2000,,A,,32.0000,2911
004503,11850,19731231,1973,INDL,C,D,STD,30231G102,USD,9793.5120,25079.5000,3088.1810,223.8670,1126.6670,1136.2830,0.0000,2443.2860,6307.8870,10770.6600,0.0000,0.0000,187.9840,1076.3690,,A,,32.0000,2911
004503,11850,19741231,1974,INDL,C,D,STD,30231G102,USD,14852.7970,31332.3980,4758.3480,223.6450,1729.1200,1264.5670,0.0000,3142.1920,9531.9730,14923.8210,0.0000,0.0000,87.0000,1528.6500,,A,,32.0000,2911
004503,11850,19751231,1975,INDL,C,D,STD,30231G102,USD,14004.8010,32839.4060,4649.3750,223.7200,1598.0990,1524.0000,0.0000,2503.0000,9345.0160,15104.7220,0.0000,0.0000,479.0000,1621.3690,,A,,32.0000,2911
004503,11850,19761231,1976,INDL,C,D,STD,30231G102,USD,15051.9020,36331.3090,5073.8360,448.0880,1859.8440,1448.3690,0.0000,2640.9630,10521.4020,17086.4260,0.0000,0.0000,407.0000,2149.9290,,A,,16.0000,2911
004503,11850,19771231,1977,INDL,C,D,STD,30231G102,USD,15331.8010,38453.3090,4683.8400,447.4000,1385.1750,1558.3260,0.0000,2422.9630,10713.3010,18115.1890,0.0000,0.0000,415.0000,2655.6060,,A,,16.0000,2911
004503,11850,19781231,1978,INDL,C,D,STD,30231G102,USD,16368.8050,41530.8130,4755.9470,443.6140,1400.7350,1677.8820,0.0000,2763.0000,12040.7030,20421.7770,0.0000,0.0000,391.0000,3436.8480,,A,,16.0000,2911
004503,11850,19791231,1979,INDL,C,D,STD,30231G102,USD,20478.2970,49490.0000,4507.6070,438.8180,1867.9240,2069.2110,0.0000,4295.2340,15883.3980,26045.2900,0.0000,0.0000,224.0000,4385.0740,,A,,16.0000,2911
004503,11850,19801231,1980,INDL,C,D,STD,30231G102,USD,23458.5000,56576.5980,4926.0580,432.0810,1537.3840,2351.6500,0.0000,5650.0820,16884.1990,29850.1560,0.0000,0.0000,1176.0000,6218.0080,,A,,16.0000,2911
004503,11850,19811231,1981,INDL,C,D,STD,30231G102,USD,23848.3980,62931.0980,3883.5210,868.3680,3032.3420,2922.9770,0.0000,5567.4730,17743.5980,33041.5130,0.0000,0.0000,1145.0000,7958.9490,,A,,8.0000,2911
004503,11850,19821231,1982,INDL,C,D,STD,30231G102,USD,19792.5980,62288.5980,3448.7400,866.0060,2747.6850,3186.1420,0.0000,4185.9220,16464.5980,32662.2690,0.0000,0.0000,1546.0000,8676.1600,,A,,8.0000,2911
004503,11850,19831231,1983,INDL,C,D,STD,30231G102,USD,18595.5000,62963.0000,4096.1230,846.0970,867.2850,3568.8350,0.0000,4977.9490,15038.6990,32307.2450,0.0000,0.0000,942.0000,9012.5860,,A,,8.0000,2911
004503,11850,19841231,1984,INDL,C,D,STD,30231G102,USD,17239.0000,63278.0000,3290.0000,783.0510,1277.0000,3846.0000,0.0000,5528.0000,15265.0000,33165.0000,0.0000,0.0000,728.0000,8948.0000,,A,,8.0000,2911
004503,11850,19851231,1985,INDL,C,D,STD,30231G102,USD,17355.0000,69160.0000,2474.0000,730.5790,3089.0000,4011.0000,0.0000,4870.0000,19089.0000,38682.0000,0.0000,0.0000,1131.0000,11042.0000,,A,,8.0000,2911
004503,11850,19861231,1986,INDL,C,D,STD,30231G102,USD,16320.0000,69484.0000,3816.0000,717.6720,3584.0000,4270.0000,0.0000,5360.0000,15220.0000,35929.0000,0.0000,0.0000,1103.0000,10828.0000,,A,,8.0000,2911
004503,11850,19871231,1987,INDL,C,D,STD,30231G102,USD,15391.0000,74042.0000,2531.0000,1379.4420,2864.0000,4418.0000,0.0000,4840.0000,15296.0000,38642.0000,0.0000,0.0000,240.0000,11863.0000,,A,2911,4.0000,2911
004503,11850,19881231,1988,INDL,C,D,STD,30231G102,USD,14846.0000,74293.0000,2409.0000,1288.7150,4949.0000,4794.0000,0.0000,5260.0000,17479.0000,40248.0000,0.0000,0.0000,164.0000,11849.0000,,A,2911,4.0000,2911
004503,11850,19891231,1989,INDL,C,D,STD,30231G102,USD,16576.0000,83219.0000,2016.0000,1250.2850,6757.0000,4968.0000,34.0000,2975.0000,21984.0000,50112.0000,1006.0000,1006.0000,-157.0000,12353.0000,,A,2911,4.0000,2911
004503,11850,19901231,1990,INDL,C,D,STD,30231G102,USD,18336.0000,87707.0000,1379.0000,1245.3920,6090.0000,5493.0000,75.0000,5010.0000,24025.0000,51702.0000,955.0000,955.0000,-59.0000,12568.0000,,A,2911,4.0000,2911
004503,11850,19911231,1991,INDL,C,D,STD,30231G102,USD,17012.0000,87560.0000,1587.0000,1241.9780,4460.0000,4935.0000,69.0000,5600.0000,20854.0000,49666.0000,867.0000,867.0000,-140.0000,12449.0000,,A,2911,4.0000,2911
004503,11850,19921231,1992,INDL,C,D,STD,30231G102,USD,16424.0000,85030.0000,1515.0000,1242.0000,4787.0000,5071.0000,61.0000,4810.0000,19663.0000,48279.0000,770.0000,770.0000,-422.0000,11135.0000,,A,2911,4.0000,2911
004503,11850,19931231,1993,INDL,C,D,STD,30231G102,USD,14859.0000,84145.0000,1652.0000,1242.0000,4109.0000,4759.0000,54.0000,5280.0000,18590.0000,46958.0000,668.0000,668.0000,123.0000,10939.0000,,A,2911,4.0000,2911
004503,11850,19941231,1994,INDL,C,D,STD,30231G102,USD,16460.0000,87862.0000,1775.0000,1242.0000,3858.0000,5015.0000,46.0000,5100.0000,19493.0000,48279.0000,554.0000,554.0000,246.0000,11435.0000,,A,2911,4.0000,2911
004503,11850,19951231,1995,INDL,C,D,STD,30231G102,USD,17318.0000,91296.0000,1789.0000,1242.0000,2247.0000,5386.0000,38.0000,6470.0000,18736.0000,48690.0000,454.0000,454.0000,988.0000,12431.0000,,A,2911,4.0000,2911
004503,11850,19961231,1996,INDL,C,D,STD,30231G102,USD,19910.0000,95527.0000,2969.0000,1242.0000,2510.0000,5329.0000,27.0000,7510.0000,19505.0000,50071.0000,303.0000,303.0000,478.0000,13475.0000,,A,2911,4.0000,2911
004503,11850,19971231,1997,INDL,C,D,STD,30231G102,USD,21192.0000,96064.0000,4062.0000,2457.0000,2902.0000,5474.0000,17.0000,8460.0000,19654.0000,50033.0000,190.0000,190.0000,592.0000,13452.0000,,A,2911,2.0000,2911
004503,11850,19981231,1998,INDL,C,D,STD,30231G102,USD,17593.0000,92630.0000,1461.0000,2428.0000,4248.0000,5340.0000,10.0000,6440.0000,19412.0000,47073.0000,105.0000,105.0000,402.0000,13142.0000,,A,2911,2.0000,2911
004503,11850,19991231,1999,INDL,C,D,STD,30231G102,USD,31141.0000,144521.0000,1761.0000,3477.0000,10570.0000,8304.0000,36.0000,7910.0000,38733.0000,77367.0000,0.0000,0.0000,-1275.0000,16251.0000,,A,2911,2.0000,2911
004503,11850,20001231,2000,INDL,C,D,STD,30231G102,USD,40399.0000,149000.0000,7081.0000,3465.0000,6161.0000,8130.0000,0.0000,15990.0000,38191.0000,75013.0000,0.0000,0.0000,111.0000,16442.0000,,A,2911,2.0000,2911
004503,11850,20011231,2001,INDL,C,D,STD,30231G102,USD,35681.0000,143174.0000,6547.0000,6809.0000,3703.0000,7944.0000,0.0000,15105.0000,30114.0000,67188.0000,0.0000,0.0000,881.0000,16359.0000,,A,2911,1.0000,2911
004503,11850,20021231,2002,INDL,C,D,STD,30231G102,USD,38291.0000,152644.0000,7229.0000,6700.0000,4093.0000,8310.0000,0.0000,11011.0000,33175.0000,75279.0000,0.0000,0.0000,347.0000,16484.0000,,A,2911,1.0000,2911
004503,11850,20031231,2003,INDL,C,D,STD,30231G102,USD,45960.0000,174278.0000,10626.0000,6568.0000,4789.0000,9047.0000,0.0000,20960.0000,38386.0000,80981.0000,0.0000,0.0000,1641.0000,20118.0000,,A,2911,1.0000,2911
004503,11850,20041231,2004,INDL,C,D,STD,30231G102,USD,60377.0000,195256.0000,23135.0000,6401.0000,3280.0000,9767.0000,0.0000,25330.0000,42981.0000,89548.0000,0.0000,0.0000,-991.0000,21092.0000,,A,2911,1.0000,2911
004503,11850,20051231,2005,INDL,C,D,STD,30231G102,USD,73342.0000,208335.0000,33275.0000,6133.0000,1771.0000,10253.0000,0.0000,36130.0000,46307.0000,93622.0000,0.0000,0.0000,-222.0000,20878.0000,,A,2911,1.0000,2911
004503,11850,20061231,2006,INDL,C,D,STD,30231G102,USD,75777.0000,219015.0000,32848.0000,5729.0000,1702.0000,11416.0000,0.0000,39500.0000,48817.0000,101367.0000,0.0000,0.0000,1359.0000,20851.0000,,A,2911,1.0000,2911
004503,11850,20071231,2007,INDL,C,D,STD,30231G102,USD,85963.0000,242082.0000,34500.0000,5382.0000,2383.0000,12250.0000,0.0000,40610.0000,58312.0000,116038.0000,0.0000,0.0000,-24.0000,22899.0000,,A,2911,1.0000,2911
004503,11850,20081231,2008,INDL,C,D,STD,30231G102,USD,72266.0000,228052.0000,32007.0000,4976.0000,2400.0000,12379.0000,0.0000,45220.0000,49100.0000,110529.0000,0.0000,0.0000,1457.0000,19726.0000,,A,2911,1.0000,2911
004503,11850,20091231,2009,INDL,C,D,STD,30231G102,USD,55235.0000,233323.0000,10862.0000,4727.0000,2476.0000,11917.0000,0.0000,19280.0000,52061.0000,117931.0000,0.0000,0.0000,-15.0000,23148.0000,,A,2911,1.0000,2911
004503,11850,20101231,2010,INDL,C,D,STD,30231G102,USD,58984.0000,302510.0000,8455.0000,4979.0000,2787.0000,14760.0000,0.0000,30460.0000,62633.0000,149831.0000,0.0000,0.0000,-1142.0000,35150.0000,,A,2911,1.0000,2911
004503,11850,20111231,2011,INDL,C,D,STD,30231G102,USD,72963.0000,331052.0000,13068.0000,4734.0000,7711.0000,15583.0000,0.0000,41060.0000,77505.0000,170308.0000,0.0000,0.0000,160.0000,36618.0000,,A,2911,1.0000,2911
004839,25785,19611231,1961,INDL,C,D,STD,345370860,USD,2490.4690,5120.0000,881.2080,55.0180,210.3360,210.5400,0.0000,409.5800,1542.6130,1914.4460,0.0000,0.0000,-20.4000,0.0000,,A,,39.3300,3711
004839,25785,19621231,1962,INDL,C,D,STD,345370860,USD,2669.1250,5416.4730,957.0400,110.3120,105.3900,228.3100,0.0000,480.7000,1561.6750,1919.7760,0.0000,0.0000,,4.8310,,A,,19.6650,3711
004839,25785,19631231,1963,INDL,C,D,STD,345370860,USD,2990.5190,5948.7810,1075.3280,110.6140,103.2670,232.9100,0.0000,488.5500,1792.3210,2150.8590,0.0000,0.0000,,12.3250,,A,,19.6650,3711
004839,25785,19641231,1964,INDL,C,D,STD,345370860,USD,3156.1000,6459.2970,894.4000,110.8900,189.6000,242.4800,0.0000,505.6400,1982.3000,2369.2350,0.0000,0.0000,,21.9610,,A,,19.6650,3711
004839,25785,19651231,1965,INDL,C,D,STD,345370860,USD,3733.5000,7596.7970,1138.4000,111.1740,315.0000,267.4900,0.0000,703.0500,2526.0000,3022.2460,0.0000,0.0000,,37.4410,,A,,19.6650,3711
004839,25785,19661231,1966,INDL,C,D,STD,345370860,USD,3913.3000,8090.3980,701.1000,109.8090,452.4000,307.8600,0.0000,621.0300,2475.0000,3227.0890,0.0000,0.0000,,73.9910,,A,,19.6650,3711
004839,25785,19671231,1967,INDL,C,D,STD,345370860,USD,3336.3000,7966.7970,233.5000,109.4920,455.4000,344.7000,0.0000,84.1000,2467.9000,3271.8950,0.0000,0.0000,-30.4000,109.2000,,A,,19.6650,3711
004839,25785,19681231,1968,INDL,C,D,STD,345370860,USD,4128.2970,8953.1990,1032.6000,109.3270,357.4000,366.1000,0.0000,626.6000,2994.0000,3899.8990,0.0000,0.0000,9.4000,111.1000,,A,,19.6650,3711
004839,25785,19691231,1969,INDL,C,D,STD,345370860,USD,4087.1000,9199.2970,697.1000,108.2620,454.1000,803.7000,0.0000,546.5000,2979.4000,3872.5000,0.0000,0.0000,32.6000,169.9000,,A,,19.6650,3711
004839,25785,19701231,1970,INDL,C,D,STD,345370860,USD,4358.0000,9904.0980,828.5000,107.9070,577.2000,823.5000,0.0000,515.7000,3275.0000,4335.1000,0.0000,0.0000,-24.7000,216.0000,,A,,19.6650,3711
004839,25785,19711231,1971,INDL,C,D,STD,345370860,USD,4767.2970,10509.7970,1084.6000,103.4180,536.8000,823.6000,0.0000,656.7000,3420.9000,4861.2000,0.0000,0.0000,79.3000,229.1000,,A,,19.6650,3711
004839,25785,19721231,1972,INDL,C,D,STD,345370860,USD,5544.5000,11634.0000,1469.2000,100.6900,393.5000,913.3000,0.0000,870.0000,3860.0000,5566.0000,0.0000,0.0000,21.9000,270.6000,,A,,19.6650,3711
004839,25785,19731231,1973,INDL,C,D,STD,345370860,USD,6189.5000,12954.0000,1082.2000,98.7850,833.0000,948.2000,0.0000,906.5000,4529.0000,6423.8000,0.0000,0.0000,177.3000,383.8000,,A,,19.6650,3711
004839,25785,19741231,1974,INDL,C,D,STD,345370860,USD,6841.1990,14173.5980,605.9000,93.1860,1280.8000,923.5000,0.0000,360.9000,5340.8980,7792.7980,0.0000,0.0000,128.4000,504.1000,,A,,19.6650,3711
004839,25785,19751231,1975,INDL,C,D,STD,345370860,USD,6655.1020,14020.2030,950.2000,93.9200,812.5000,1019.1000,0.0000,227.5000,4989.5000,7524.0000,0.0000,0.0000,101.7000,476.8000,,A,,19.6650,3711
004839,25785,19761231,1976,INDL,C,D,STD,345370860,USD,8242.5000,15768.1020,1664.1000,94.1700,619.8000,1020.7000,0.0000,983.1000,5996.8010,8500.9010,0.0000,0.0000,198.4000,508.1000,,A,,19.6650,3711
004839,25785,19771231,1977,INDL,C,D,STD,345370860,USD,10872.4020,19241.3050,3371.5010,118.4300,681.1000,1116.4000,0.0000,1672.8000,7883.8010,10636.5010,0.0000,0.0000,157.7000,542.2000,,A,,15.7320,3711
004839,25785,19781231,1978,INDL,C,D,STD,345370860,USD,12370.6020,22101.4060,3799.0000,119.5360,865.6000,1313.7000,0.0000,1588.9000,9278.0000,12263.4000,0.0000,0.0000,55.3000,763.3000,,A,,15.7320,3711
004839,25785,19791231,1979,INDL,C,D,STD,345370860,USD,11571.3010,23524.6050,2192.6000,120.5280,1190.4000,1604.4000,0.0000,1169.3000,9263.0000,12958.6000,0.0000,0.0000,-139.6000,1046.2000,,A,,15.7320,3711
004839,25785,19801231,1980,INDL,C,D,STD,345370860,USD,11559.0000,24347.6050,2587.2000,120.5750,2405.6000,1969.3010,0.0000,-1543.3000,11072.0000,15644.2000,0.0000,0.0000,27.4000,1069.0000,,A,,15.7320,3711
004839,25785,19811231,1981,INDL,C,D,STD,345370860,USD,10176.8010,23021.3050,2100.0000,120.5760,2177.7000,2179.4000,0.0000,-1060.1000,9940.2810,15510.9820,0.0000,0.0000,-102.2000,1004.8000,,A,,15.7320,3711
004839,25785,19821231,1982,INDL,C,D,STD,345370860,USD,8798.8950,21961.5980,1555.4000,120.5880,2265.0010,2156.4010,0.0000,-657.8000,10424.0000,15754.1010,0.0000,0.0000,81.2000,1054.1000,,A,,15.7320,3711
004839,25785,19831231,1983,INDL,C,D,STD,345370860,USD,10819.0000,23868.7970,3152.1010,183.0000,942.0000,2292.1010,0.0000,1866.9000,10315.7970,16186.2980,0.0000,0.0000,-0.4000,1103.2000,,A,,10.4880,3711
004839,25785,19841231,1984,INDL,C,D,STD,345370860,USD,13330.5980,27485.5000,5943.1680,186.1000,1348.0000,2307.8000,0.0000,2906.8000,11967.5980,17509.8980,0.0000,0.0000,-62.6000,1000.9000,,A,,10.4880,3711
004839,25785,19851231,1985,INDL,C,D,STD,345370860,USD,14014.0980,31603.5000,5903.7660,186.1000,1274.6000,2392.8000,0.0000,2515.4000,12777.2970,19220.4970,0.0000,0.0000,377.5000,1214.1000,,A,,10.4880,3711
004839,25785,19861231,1986,INDL,C,D,STD,345370860,USD,18458.0000,37933.0000,8553.0860,268.4000,1304.0000,2959.6000,0.0000,3285.1000,15625.5000,22967.7000,0.0000,0.0000,248.0000,1328.1000,,A,,6.9920,3711
004839,25785,19871231,1987,INDL,C,D,STD,345370860,USD,21981.5000,44955.7000,10097.0000,253.7500,1882.7000,3167.4000,0.0000,4625.2000,17793.4000,26326.5000,0.0000,0.0000,953.8000,2354.7000,,A,3711,6.9920,3711
004839,25785,19881231,1988,INDL,C,D,STD,345370860,USD,,143366.5000,10476.6000,490.8000,37835.5000,3792.3000,0.0000,5300.2000,,121673.4000,0.0000,0.0000,-81.6000,3933.1000,,A,3711,3.4960,3711
004839,25785,19891231,1989,INDL,C,D,STD,345370860,USD,,160893.3000,7101.5000,472.8000,46486.9000,4228.7000,0.0000,3835.0000,,137198.7000,0.0000,0.0000,-41.6000,3392.8000,,A,3711,3.4960,3711
004839,25785,19901231,1990,INDL,C,D,STD,345370860,USD,,173662.7000,8246.5000,473.1000,50187.5000,4879.6000,0.0000,860.1000,,149476.7000,0.0000,0.0000,-483.2000,3103.2000,,A,3711,3.4960,3711
004839,25785,19911231,1991,INDL,C,D,STD,345370860,USD,,174429.4000,12927.7000,483.3000,47194.7000,5778.3000,22.0000,-2258.0000,,150766.3000,2300.0000,2300.0000,-1014.6000,2829.7000,,A,3711,3.4960,3711
004839,25785,19921231,1992,INDL,C,D,STD,345370860,USD,,180545.2000,12217.0000,489.5000,49068.0000,6755.7000,209.4000,-501.8000,,164565.4000,3400.0000,3400.0000,-114.1000,2949.3000,,A,3711,3.4960,3711
004839,25785,19931231,1993,INDL,C,D,STD,345370860,USD,,198938.0000,12307.0000,499.0000,56992.0000,7468.0000,288.0000,2529.0000,,181745.0000,3400.0000,3400.0000,-201.0000,3376.0000,,A,3711,3.4960,3711
004839,25785,19941231,1994,INDL,C,D,STD,345370860,USD,,219354.0000,13822.0000,1023.0000,65764.0000,9336.0000,287.0000,5308.0000,,195702.0000,3400.0000,3400.0000,834.0000,3906.0000,,A,3711,1.7480,3711
004839,25785,19951231,1995,INDL,C,D,STD,345370860,USD,,243283.0000,15096.0000,1160.0000,74890.0000,11719.0000,300.0000,4139.0000,,217933.0000,1042.0000,1042.0000,813.0000,5017.0000,,A,3711,1.7480,3711
004839,25785,19961231,1996,INDL,C,D,STD,345370860,USD,,262867.0000,19103.0000,1189.0000,81225.0000,12791.0000,65.0000,4446.0000,,236012.0000,694.0000,694.0000,604.0000,5563.0000,,A,3711,1.7480,3711
004839,25785,19971231,1997,INDL,C,D,STD,345370860,USD,,279097.0000,22453.0000,1203.0000,88002.0000,13583.0000,54.0000,6920.0000,,248269.0000,637.0000,637.0000,806.0000,5557.0000,,A,3711,1.7480,3711
004839,25785,19981231,1998,INDL,C,D,STD,345370860,USD,,237545.0000,24956.0000,1209.0000,67977.0000,14329.0000,107.0000,22071.0000,,214033.0000,177.0000,177.0000,925.0000,6239.0000,,A,3711,1.7480,3711
004839,25785,19991231,1999,INDL,C,D,STD,345370860,USD,,276229.0000,25173.0000,1207.0000,74004.0000,14943.0000,15.0000,7237.0000,,248515.0000,177.0000,177.0000,1843.0000,8454.0000,,A,3711,1.7480,3711
004839,25785,20001231,2000,INDL,C,D,STD,345370860,USD,,284421.0000,17967.0000,1854.0000,66669.0000,15366.0000,15.0000,5410.0000,,265803.0000,0.0000,0.0000,1168.0000,9030.0000,,A,3711,1.0000,3711
004839,25785,20011231,2001,INDL,C,D,STD,345370860,USD,,276543.0000,18167.0000,1809.0000,46579.0000,15922.0000,15.0000,-5453.0000,,268757.0000,0.0000,0.0000,-2276.0000,10065.0000,,A,3711,1.0000,3711
004839,25785,20021231,2002,INDL,C,D,STD,345370860,USD,,289357.0000,29857.0000,1831.2190,42086.0000,15177.0000,15.0000,284.0000,,283767.0000,0.0000,0.0000,177.0000,14561.0000,,A,3711,1.0000,3711
004839,25785,20031231,2003,INDL,C,D,STD,345370860,USD,,304594.0000,38687.0000,1831.3890,60053.0000,14297.0000,0.0000,921.0000,,292284.0000,0.0000,0.0000,-401.0000,8439.0000,,A,3711,1.0000,3711
004839,25785,20041231,2004,INDL,C,D,STD,345370860,USD,,292654.0000,33420.0000,1830.9000,66433.0000,13052.0000,0.0000,3634.0000,,275732.0000,0.0000,0.0000,166.0000,6171.0000,,A,3711,1.0000,3711
004839,25785,20051231,2005,INDL,C,D,STD,345370860,USD,,269459.0000,41837.0000,1864.1380,60115.0000,14066.0000,0.0000,1644.0000,,254895.0000,0.0000,0.0000,-1678.0000,5660.0000,,A,3711,1.0000,3711
004839,25785,20061231,2006,INDL,C,D,STD,345370860,USD,,278554.0000,54987.0000,1892.5380,62456.0000,16519.0000,0.0000,-12615.0000,,280860.0000,0.0000,0.0000,-3010.0000,2744.0000,,A,3711,1.0000,3711
004839,25785,20071231,2007,INDL,C,D,STD,345370860,USD,,279264.0000,50031.0000,2207.0020,61052.0000,13158.0000,0.0000,-2764.0000,,272215.0000,0.0000,0.0000,-1569.0000,3034.0000,,A,3711,1.0000,3711
004839,25785,20081231,2008,INDL,C,D,STD,345370860,USD,,218328.0000,31345.0000,2396.3210,63662.0000,20329.0000,0.0000,-14681.0000,,234444.0000,0.0000,0.0000,-314.0000,2035.0000,,A,3711,1.0000,3711
004839,25785,20091231,2009,INDL,C,D,STD,345370860,USD,,194850.0000,36610.0000,3368.2660,43368.0000,8117.0000,0.0000,2712.0000,,201365.0000,0.0000,0.0000,43.0000,2375.0000,,A,3711,1.0000,3711
004839,25785,20101231,2010,INDL,C,D,STD,345370860,USD,,164687.0000,29012.0000,3782.7110,41664.0000,5997.0000,0.0000,6561.0000,,165329.0000,0.0000,0.0000,377.0000,1135.0000,,A,3711,1.0000,3711
004839,25785,20111231,2011,INDL,C,D,STD,345370860,USD,,178348.0000,32132.0000,3800.7470,40311.0000,5388.0000,0.0000,20213.0000,,163277.0000,0.0000,0.0000,-11811.0000,696.0000,,A,3711,1.0000,3711
005047,12060,19611231,1961,INDL,C,D,STD,369604103,USD,1452.4890,2704.4620,305.1600,88.9730,0.0500,117.8800,0.0000,242.0800,782.0360,1099.8090,0.0000,0.0000,0.0000,0.0000,,A,,96.0000,9997
005047,12060,19621231,1962,INDL,C,D,STD,369604103,USD,1556.4930,2846.9880,345.8020,89.5030,0.0500,127.0600,0.0000,265.8400,785.7400,1106.5910,0.0000,0.0000,0.0000,0.0000,,A,,96.0000,9997
005047,12060,19631231,1963,INDL,C,D,STD,369604103,USD,1874.2500,3015.1310,621.1180,90.1140,0.1500,127.6900,0.0000,270.6400,826.4660,1150.6330,0.0000,0.0000,0.0000,0.0000,,A,,96.0000,9997
005047,12060,19641231,1964,INDL,C,D,STD,369604103,USD,1931.4790,3120.7390,596.8930,90.5700,1.4500,129.2760,0.0000,237.3330,851.6310,1183.4740,0.0000,0.0000,0.0000,0.0000,,A,,96.0000,9997
005047,12060,19651231,1965,INDL,C,D,STD,369604103,USD,2842.4000,4300.3980,643.0000,90.7790,120.5250,188.4100,0.0000,355.1220,1566.8000,2151.9420,0.0000,0.0000,0.0000,0.0000,,A,,96.0000,9997
005047,12060,19661231,1966,INDL,C,D,STD,369604103,USD,3013.0000,4851.6990,328.6000,90.5980,286.3570,233.6300,0.0000,338.8610,1883.2000,2595.4370,0.0000,0.0000,0.0000,0.0000,,A,,96.0000,9997
005047,12060,19671231,1967,INDL,C,D,STD,369604103,USD,3207.6000,5347.1990,337.1000,90.5780,266.9000,280.4200,0.0000,361.3890,1977.4000,2966.9840,0.0000,0.0000,0.0000,0.0000,,A,,96.0000,9997
005047,12060,19681231,1968,INDL,C,D,STD,369604103,USD,3311.1180,5743.7730,373.3250,90.5970,280.6000,300.1400,0.0000,357.1070,2104.2810,3210.1860,0.0000,0.0000,-61.2000,0.0000,,A,,96.0000,9997
005047,12060,19691231,1969,INDL,C,D,STD,369604103,USD,3287.7940,5894.0550,329.2750,90.4060,340.7200,351.2800,0.0000,278.0150,2366.6540,3425.2400,0.0000,0.0000,-67.9000,0.0000,,A,,96.0000,9997
005047,12060,19701231,1970,INDL,C,D,STD,369604103,USD,3334.7840,6198.5040,205.7630,90.8140,658.0700,334.6830,0.0000,328.4800,2650.2790,3603.5430,0.0000,0.0000,-15.6000,0.0000,,A,,96.0000,9997
005047,12060,19711231,1971,INDL,C,D,STD,369604103,USD,3639.0000,6887.7970,286.0000,182.1230,569.8000,273.6000,0.0000,471.8000,2840.4000,4043.6000,0.0000,0.0000,24.0000,0.0000,,A,,48.0000,9997
005047,12060,19721231,1972,INDL,C,D,STD,369604103,USD,3979.3000,7401.7970,294.3000,182.3480,439.4000,314.3000,0.0000,530.0000,2869.7000,4273.8000,0.0000,0.0000,-11.7000,0.0000,,A,,48.0000,9997
005047,12060,19731231,1973,INDL,C,D,STD,369604103,USD,4485.3980,8324.1990,322.1000,182.1470,665.2000,334.0000,0.0000,585.1000,3492.4000,4901.7000,0.0000,0.0000,13.0000,72.8000,,A,,48.0000,9997
005047,12060,19741231,1974,INDL,C,D,STD,369604103,USD,5222.5980,9369.0980,371.8000,182.6510,644.9000,376.2000,0.0000,608.1000,3879.5000,5593.6000,0.0000,0.0000,37.1000,83.9000,,A,,48.0000,9997
005047,12060,19751231,1975,INDL,C,D,STD,369604103,USD,5565.4960,9763.4960,853.2000,184.3590,650.3000,418.6000,0.0000,580.8000,3963.4000,5610.7000,0.0000,0.0000,3.8000,96.9000,,A,,48.0000,9997
005047,12060,19761231,1976,INDL,C,D,STD,369604103,USD,6685.0000,12049.7030,1613.3000,226.6210,611.1000,486.2000,0.0000,930.6000,4604.8870,6677.7870,0.0000,0.0000,-9.1000,112.2000,,A,,48.0000,9997
005047,12060,19771231,1977,INDL,C,D,STD,369604103,USD,7865.1880,13696.8010,2278.2000,228.1610,772.1000,522.1000,0.0000,1088.2000,5417.0000,7622.5000,0.0000,0.0000,-49.7000,136.2000,,A,,48.0000,9997
005047,12060,19781231,1978,INDL,C,D,STD,369604103,USD,8755.0000,15036.0040,2463.0970,228.0360,960.3000,576.4000,0.0000,1229.7000,6175.1880,8298.4880,0.0000,0.0000,56.8000,162.0000,,A,,48.0000,9997
005047,12060,19791231,1979,INDL,C,D,STD,369604103,USD,9384.5000,16644.5000,2576.6010,227.8390,871.0000,624.1000,0.0000,1408.8000,6871.7890,9130.4890,0.0000,0.0000,8.2000,206.7000,,A,,48.0000,9997
005047,12060,19801231,1980,INDL,C,D,STD,369604103,USD,9883.0000,18511.0000,2201.0000,227.7650,1093.0000,707.0000,0.0000,1514.0000,7592.0000,10157.0000,0.0000,0.0000,109.0000,262.0000,,A,,48.0000,9997
005047,12060,19811231,1981,INDL,C,D,STD,369604103,USD,10804.0000,20942.0000,2471.0000,227.7610,1171.0000,882.0000,0.0000,1652.0000,8734.0000,11648.0000,0.0000,0.0000,62.0000,306.0000,,A,,48.0000,9997
005047,12060,19821231,1982,INDL,C,D,STD,369604103,USD,10356.0000,21615.0000,2587.0000,227.8320,1037.0000,984.0000,0.0000,1817.0000,8153.0000,11252.0000,0.0000,0.0000,138.0000,350.0000,,A,,48.0000,9997
005047,12060,19831231,1983,INDL,C,D,STD,369604103,USD,10912.0000,23288.0040,2505.0000,454.6310,1016.0000,1084.0000,0.0000,2024.0000,8688.0000,11850.0000,0.0000,0.0000,10.0000,355.0000,,A,,24.0000,9997
005047,12060,19841231,1984,INDL,C,D,STD,369604103,USD,11552.0000,24730.0040,2373.0000,454.8760,1047.0000,1100.0000,0.0000,2280.0000,8607.0000,12028.0000,0.0000,0.0000,-173.0000,379.0000,,A,,24.0000,9997
005047,12060,19851231,1985,INDL,C,D,STD,369604103,USD,12546.0000,26432.0080,2557.0000,455.9760,1297.0000,1226.0000,0.0000,2336.0000,8919.0000,12400.0000,0.0000,0.0000,170.0000,449.0000,,A,,24.0000,9997
005047,12060,19861231,1986,INDL,C,D,STD,369604103,USD,14288.0040,34591.0080,1919.0000,455.8950,1813.0000,1460.0000,0.0000,2492.0000,11461.0000,19293.0000,0.0000,0.0000,-157.0000,376.0000,,A,,24.0000,9997
005047,12060,19871231,1987,INDL,C,D,STD,369604103,USD,15739.0000,38920.0000,2692.0000,902.9530,1110.0000,1544.0000,0.0000,2119.0000,12671.0000,22250.0000,0.0000,0.0000,-144.0000,191.0000,,A,3600,12.0000,9997
005047,12060,19881231,1988,INDL,C,D,STD,369604103,USD,,110865.0000,2187.0000,902.1160,46374.0000,2266.0000,0.0000,3386.0000,61800.0000,91418.0000,0.0000,0.0000,56.0000,3373.0000,,A,3600,12.0000,9997
005047,12060,19891231,1989,INDL,C,D,STD,369604103,USD,,128344.0000,2258.0000,904.7810,57845.0000,2256.0000,0.0000,3939.0000,73902.0000,106453.0000,0.0000,0.0000,341.0000,3543.0000,,A,3600,12.0000,9997
005047,12060,19901231,1990,INDL,C,D,STD,369604103,USD,,153884.0000,1975.0000,873.1200,76068.0000,2508.0000,0.0000,4303.0000,93022.0000,130993.0000,0.0000,0.0000,236.0000,3812.0000,,A,3600,12.0000,9997
005047,12060,19911231,1991,INDL,C,D,STD,369604103,USD,,168259.0000,1971.0000,864.1220,84407.0000,2832.0000,0.0000,4435.0000,102611.0000,145357.0000,0.0000,0.0000,885.0000,3808.0000,,A,3600,12.0000,9997
005047,12060,19921231,1992,INDL,C,D,STD,369604103,USD,,192876.0000,3129.0000,855.4290,103816.0000,2818.0000,0.0000,4305.0000,120475.0000,168073.0000,0.0000,0.0000,897.0000,4540.0000,,A,3600,12.0000,9997
005047,12060,19931231,1993,INDL,C,D,STD,369604103,USD,,251506.0000,3218.0000,853.6510,134136.0000,3261.0000,0.0000,4424.0000,155729.0000,224026.0000,0.0000,0.0000,437.0000,5109.0000,,A,3600,12.0000,9997
005047,12060,19941231,1994,INDL,C,D,STD,369604103,USD,,194484.0000,2591.0000,1705.9670,57781.0000,3207.0000,0.0000,5915.0000,72854.0000,166250.0000,0.0000,0.0000,994.0000,5205.0000,,A,3600,6.0000,9997
005047,12060,19951231,1995,INDL,C,D,STD,369604103,USD,,228035.0000,2823.0000,1666.5120,64463.0000,3594.0000,0.0000,6573.0000,82001.0000,195470.0000,0.0000,0.0000,1034.0000,7380.0000,,A,3600,6.0000,9997
005047,12060,19961231,1996,INDL,C,D,STD,369604103,USD,,272402.0000,4191.0000,1644.5420,80200.0000,3785.0000,0.0000,7280.0000,100507.0000,238270.0000,0.0000,0.0000,1127.0000,8273.0000,,A,3600,6.0000,9997
005047,12060,19971231,1997,INDL,C,D,STD,369604103,USD,,304012.0000,5861.0000,3264.5920,98075.0000,4082.0000,0.0000,8203.0000,120668.0000,265892.0000,0.0000,0.0000,276.0000,8651.0000,,A,3600,3.0000,9997
005047,12060,19981231,1998,INDL,C,D,STD,369604103,USD,,355935.0000,4317.0000,3271.2960,115378.0000,5860.0000,0.0000,9296.0000,141579.0000,312780.0000,0.0000,0.0000,1139.0000,9340.0000,,A,3600,3.0000,9997
005047,12060,19991231,1999,INDL,C,D,STD,369604103,USD,,405200.0000,8554.0000,3284.8430,130346.0000,6691.0000,0.0000,10717.0000,,357429.0000,0.0000,0.0000,1499.0000,9238.0000,,A,9997,3.0000,9997
005047,12060,20001231,2000,INDL,C,D,STD,369604103,USD,,437006.0000,13223.0000,9932.0060,119180.0000,7736.0000,0.0000,12735.0000,,381578.0000,0.0000,0.0000,1151.0000,8690.0000,,A,9997,1.0000,9997
005047,12060,20011231,2001,INDL,C,D,STD,369604103,USD,,495023.0000,14326.0000,9925.9380,153076.0000,7089.0000,0.0000,14128.0000,,434984.0000,0.0000,0.0000,1424.0000,9130.0000,,A,9997,1.0000,9997
005047,12060,20021231,2002,INDL,C,D,STD,369604103,USD,,575244.0000,16743.0000,9969.8940,138775.0000,5998.0000,0.0000,15133.0000,,506065.0000,0.0000,0.0000,2413.0000,12517.0000,,A,9997,1.0000,9997
005047,12060,20031231,2003,INDL,C,D,STD,369604103,USD,,647483.0000,19929.0000,10063.1200,134917.0000,6956.0000,0.0000,15589.0000,,562523.0000,0.0000,0.0000,1127.0000,12647.0000,,A,9997,1.0000,9997
005047,12060,20041231,2004,INDL,C,D,STD,369604103,USD,,750507.0000,23234.0000,10586.3580,157694.0000,8385.0000,0.0000,16819.0000,,623303.0000,0.0000,0.0000,-1554.0000,14769.0000,,A,9997,1.0000,9997
005047,12060,20051231,2005,INDL,C,D,STD,369604103,USD,,673321.0000,11455.0000,10484.2680,158156.0000,9951.0000,0.0000,18633.0000,,555916.0000,0.0000,0.0000,-890.0000,16312.0000,,A,9997,1.0000,9997
005047,12060,20061231,2006,INDL,C,D,STD,369604103,USD,,697239.0000,16101.0000,10277.3730,172153.0000,10947.0000,0.0000,20666.0000,,577347.0000,0.0000,0.0000,1950.0000,14171.0000,,A,9997,1.0000,9997
005047,12060,20071231,2007,INDL,C,D,STD,369604103,USD,,795337.0000,17921.0000,9987.5990,195101.0000,12358.0000,0.0000,22468.0000,,671774.0000,0.0000,0.0000,623.0000,12144.0000,,A,9997,1.0000,9997
005047,12060,20081231,2008,INDL,C,D,STD,369604103,USD,,797769.0000,50177.0000,10536.8970,193695.0000,13583.0000,75.0000,18089.0000,,684157.0000,0.0000,0.0000,-1284.0000,4584.0000,,A,9997,1.0000,9997
005047,12060,20091231,2009,INDL,C,D,STD,369604103,USD,,781818.0000,77853.0000,10663.0750,133054.0000,12736.0000,300.0000,11218.0000,,656682.0000,0.0000,0.0000,-2705.0000,2173.0000,,A,9997,1.0000,9997
005047,12060,20101231,2010,INDL,C,D,STD,369604103,USD,,751216.0000,82146.0000,10615.3760,117959.0000,11762.0000,300.0000,12623.0000,,627018.0000,0.0000,0.0000,1046.0000,2840.0000,,A,9997,1.0000,9997
005047,12060,20111231,2011,INDL,C,D,STD,369604103,USD,,717242.0000,87183.0000,10573.0170,137611.0000,10917.0000,1031.0000,14074.0000,,599108.0000,0.0000,0.0000,-203.0000,-131.0000,,A,9997,1.0000,9997
006008,59328,19721231,1972,INDL,C,D,STD,458140100,USD,16.3720,21.9440,6.3130,2.7050,0.0000,0.3510,0.0000,1.9800,4.4190,4.5480,0.0000,0.0000,-0.3480,0.1290,,A,,1215.0000,3674
006008,59328,19731231,1973,INDL,C,D,STD,458140100,USD,37.3060,50.5670,6.2460,4.1370,0.0000,1.4740,0.0000,9.2140,20.7860,22.6790,0.0000,0.0000,-0.7550,1.8930,,A,,810.0000,3674
006008,59328,19741231,1974,INDL,C,D,STD,458140100,USD,53.2240,75.4100,11.2240,6.3350,0.0000,3.6120,0.0000,19.7760,20.5910,24.6110,0.0000,0.0000,1.8590,4.0200,,A,,540.0000,3674
006008,59328,19751231,1975,INDL,C,D,STD,458140100,USD,74.2450,102.7190,19.2930,6.3350,0.0000,4.8810,0.0000,16.2740,21.4490,28.5460,0.0000,0.0000,1.9550,7.0970,,A,,540.0000,3674
006008,59328,19761231,1976,INDL,C,D,STD,458140100,USD,105.4990,156.5680,26.3830,10.1080,0.0000,9.4780,0.0000,25.2140,36.6850,47.1080,0.0000,0.0000,0.9030,10.4230,,A,,360.0000,3674
006008,59328,19771231,1977,INDL,C,D,STD,458140100,USD,141.1290,221.2460,39.4630,10.3180,0.0000,15.8330,0.0000,31.7160,59.6530,72.3040,0.0000,0.0000,-1.9450,12.6510,,A,,360.0000,3674
006008,59328,19781231,1978,INDL,C,D,STD,458140100,USD,196.4250,356.5650,28.2730,13.2770,43.6380,24.1340,0.0000,44.3140,129.2750,151.5030,0.0000,0.0000,3.7520,22.2280,,A,,288.0000,3674
006008,59328,19791231,1979,INDL,C,D,STD,458140100,USD,282.7020,500.0930,34.1510,20.6920,19.1240,40.3750,0.0000,77.8040,167.8940,196.9040,0.0000,0.0000,-2.9930,29.0100,,A,,192.0000,3674
006008,59328,19801231,1980,INDL,C,D,STD,458140100,USD,446.6090,767.1680,127.6810,42.7360,11.8440,49.0190,0.0000,96.7410,147.2710,334.3080,0.0000,0.0000,9.2960,37.0370,,A,,96.0000,3674
006008,59328,19811231,1981,INDL,C,D,STD,458140100,USD,459.7700,871.5170,115.2600,43.7660,31.8890,62.9760,0.0000,27.3590,171.9770,383.7000,0.0000,0.0000,8.9130,61.7230,,A,,96.0000,3674
006008,59328,19821231,1982,INDL,C,D,STD,458140100,USD,528.0330,1056.4520,85.3320,45.3620,75.4820,74.5770,0.0000,30.0460,222.7470,504.5990,0.0000,0.0000,17.7810,84.7090,,A,,96.0000,3674
006008,59328,19831231,1983,INDL,C,D,STD,458140100,USD,933.3310,1679.6480,389.0770,111.7010,81.0820,85.4190,0.0000,116.1110,325.5500,557.9100,0.0000,0.0000,-3.7100,104.7740,,A,,48.0000,3674
006008,59328,19841231,1984,INDL,C,D,STD,458140100,USD,958.3180,2029.3980,230.6520,113.8320,65.5330,108.6740,0.0000,198.1890,390.3800,669.2360,0.0000,0.0000,5.5240,132.5500,,A,,48.0000,3674
006008,59328,19851231,1985,INDL,C,D,STD,458140100,USD,1023.9100,2151.8640,361.1440,116.0780,88.8980,159.1220,0.0000,1.5700,306.6910,730.3840,0.0000,0.0000,29.9810,152.8620,,A,,48.0000,3674
006008,59328,19861231,1986,INDL,C,D,STD,458140100,USD,1023.6570,2080.0660,373.2240,117.7730,112.0550,173.5030,0.0000,-183.2840,374.2820,804.8390,0.0000,0.0000,-25.3540,143.9570,,A,,48.0000,3674
006008,59328,19871231,1987,INDL,C,D,STD,458140100,USD,1430.8130,2597.1630,618.7440,168.3320,451.9450,171.3590,0.0000,175.5430,881.7110,1290.7380,0.0000,0.0000,-29.2030,110.9650,,A,3674,32.0000,3674
006008,59328,19881231,1988,INDL,C,D,STD,458140100,USD,1969.8580,3549.7360,971.1000,180.5400,217.1940,210.9340,0.0000,452.9220,933.9480,1469.6820,0.0000,0.0000,-86.4880,56.4610,,A,3674,32.0000,3674
006008,59328,19891231,1989,INDL,C,D,STD,458140100,USD,2162.8730,3993.9830,1089.7390,184.5160,156.4990,237.1600,0.0000,391.0210,921.2260,1445.1800,0.0000,0.0000,30.6840,111.4740,,A,3674,32.0000,3674
006008,59328,19901231,1990,INDL,C,D,STD,458140100,USD,3119.1810,5376.3080,1784.8870,199.6510,278.5960,292.4310,0.0000,650.2610,1313.7510,1784.8020,0.0000,0.0000,-1.7890,126.4460,,A,3674,32.0000,3674
006008,59328,19911231,1991,INDL,C,D,STD,458140100,USD,3604.0210,6292.1040,2276.6490,203.9230,173.2580,418.2520,0.0000,818.6290,1227.7670,1874.2520,0.0000,0.0000,-19.0680,143.9560,,A,3674,32.0000,3674
006008,59328,19921231,1992,INDL,C,D,STD,458140100,USD,4690.9540,8088.5880,2835.3850,209.2920,311.8400,517.6420,0.0000,1066.5490,1841.8720,2643.9540,0.0000,0.0000,12.7500,180.3040,,A,3674,32.0000,3674
006008,59328,19931231,1993,INDL,C,D,STD,458140100,USD,5802.0000,11344.0000,3136.0000,418.0000,497.0000,717.0000,0.0000,2295.0000,2433.0000,3844.0000,0.0000,0.0000,12.0000,297.0000,,A,3674,16.0000,3674
006008,59328,19941231,1994,INDL,C,D,STD,458140100,USD,6167.0000,13816.0000,2410.0000,413.0000,517.0000,1028.0000,0.0000,2288.0000,3024.0000,3805.0000,744.0000,744.0000,-150.0000,389.0000,,A,3674,16.0000,3674
006008,59328,19951231,1995,INDL,C,D,STD,458140100,USD,8097.0000,17504.0000,2458.0000,821.0000,346.0000,1371.0000,0.0000,3566.0000,3619.0000,4639.0000,725.0000,725.0000,346.0000,620.0000,,A,3674,8.0000,3674
006008,59328,19961231,1996,INDL,C,D,STD,458140100,USD,13684.0000,23735.0000,7994.0000,821.0000,389.0000,1888.0000,0.0000,5157.0000,4863.0000,6588.0000,0.0000,0.0000,179.0000,997.0000,,A,3674,8.0000,3674
006008,59328,19971231,1997,INDL,C,D,STD,458140100,USD,15867.0000,28880.0000,9927.0000,1628.0000,322.0000,2192.0000,0.0000,6945.0000,6020.0000,7544.0000,0.0000,0.0000,6.0000,1076.0000,,A,3674,4.0000,3674
006008,59328,19981231,1998,INDL,C,D,STD,458140100,USD,13475.0000,31471.0000,7626.0000,1658.0000,159.0000,2807.0000,0.0000,6068.0000,5804.0000,7893.0000,0.0000,0.0000,77.0000,1387.0000,,A,3674,4.0000,3674
006008,59328,19991231,1999,INDL,C,D,STD,458140100,USD,17819.0000,43849.0000,11788.0000,3334.0000,230.0000,3186.0000,0.0000,7314.0000,7099.0000,11184.0000,0.0000,0.0000,-219.0000,3130.0000,,A,3674,2.0000,3674
006008,59328,20001231,2000,INDL,C,D,STD,458140100,USD,21150.0000,47945.0000,13823.0000,6721.0000,378.0000,4807.0000,0.0000,10535.0000,8650.0000,10623.0000,0.0000,0.0000,-130.0000,1266.0000,,A,3674,1.0000,3674
006008,59328,20011231,2001,INDL,C,D,STD,458140100,USD,17633.0000,44395.0000,11550.0000,6690.0000,409.0000,6052.0000,0.0000,1291.0000,6570.0000,8565.0000,0.0000,0.0000,-519.0000,945.0000,,A,3674,1.0000,3674
006008,59328,20021231,2002,INDL,C,D,STD,458140100,USD,18925.0000,44224.0000,12587.0000,6575.0000,436.0000,5042.0000,0.0000,3117.0000,6595.0000,8756.0000,0.0000,0.0000,110.0000,1232.0000,,A,3674,1.0000,3674
006008,59328,20031231,2003,INDL,C,D,STD,458140100,USD,22882.0000,47143.0000,16164.0000,6487.0000,224.0000,4972.0000,0.0000,5641.0000,6879.0000,9297.0000,0.0000,0.0000,391.0000,1482.0000,,A,3674,1.0000,3674
006008,59328,20041231,2004,INDL,C,D,STD,458140100,USD,24058.0000,48143.0000,17172.0000,6253.0000,201.0000,4860.0000,0.0000,7516.0000,8006.0000,9564.0000,0.0000,0.0000,-207.0000,855.0000,,A,3674,1.0000,3674
006008,59328,20051231,2005,INDL,C,D,STD,458140100,USD,21194.0000,48314.0000,12772.0000,5919.0000,313.0000,4468.0000,0.0000,8664.0000,9234.0000,12132.0000,0.0000,0.0000,-413.0000,703.0000,,A,3674,1.0000,3674
006008,59328,20061231,2006,INDL,C,D,STD,458140100,USD,18280.0000,48368.0000,10002.0000,5766.0000,180.0000,4852.0000,0.0000,5044.0000,8514.0000,11616.0000,0.0000,0.0000,-325.0000,265.0000,,A,3674,1.0000,3674
006008,59328,20071231,2007,INDL,C,D,STD,458140100,USD,23885.0000,55651.0000,15363.0000,5818.0000,142.0000,4798.0000,0.0000,6976.0000,8571.0000,12889.0000,0.0000,0.0000,-231.0000,411.0000,,A,3674,1.0000,3674
006008,59328,20081231,2008,INDL,C,D,STD,458140100,USD,19871.0000,50715.0000,11843.0000,5562.0000,102.0000,4619.0000,0.0000,5292.0000,7818.0000,11627.0000,0.0000,0.0000,-694.0000,46.0000,,A,3674,1.0000,3674
006008,59328,20091231,2009,INDL,C,D,STD,458140100,USD,21157.0000,53095.0000,13920.0000,5523.0000,172.0000,5052.0000,0.0000,4369.0000,7591.0000,11391.0000,0.0000,0.0000,397.0000,555.0000,,A,3674,1.0000,3674
006008,59328,20101231,2010,INDL,C,D,STD,458140100,USD,31611.0000,63186.0000,21885.0000,5511.0000,38.0000,4638.0000,0.0000,11464.0000,9327.0000,13756.0000,0.0000,0.0000,122.0000,926.0000,,A,3674,1.0000,3674
006008,59328,20111231,2011,INDL,C,D,STD,458140100,USD,25872.0000,71119.0000,14837.0000,5000.0000,247.0000,6064.0000,0.0000,12942.0000,12028.0000,25208.0000,0.0000,0.0000,1149.0000,2617.0000,,A,3674,1.0000,3674
006066,12490,19611231,1961,INDL,C,D,STD,459200101,USD,738.6700,1879.5260,432.5630,27.5620,0.0000,249.1800,0.0000,207.2280,269.3360,694.3360,0.0000,0.0000,,0.0000,,A,,76.8750,7370
006066,12490,19621231,1962,INDL,C,D,STD,459200101,USD,922.8730,2112.3010,592.1640,27.6780,0.0000,278.0590,0.0000,241.3870,306.7000,731.7000,0.0000,0.0000,,0.0000,,A,,76.8750,7370
006066,12490,19631231,1963,INDL,C,D,STD,459200101,USD,1134.3680,2373.8570,711.4490,27.7930,0.0000,282.9540,0.0000,290.4640,357.1190,782.1190,0.0000,0.0000,,0.0000,,A,,76.8750,7370
006066,12490,19641231,1964,INDL,C,D,STD,459200101,USD,1537.6320,3309.1520,851.1890,35.0480,20.6010,478.3130,0.0000,431.1600,637.6940,1055.0720,0.0000,0.0000,,28.3600,,A,,61.5000,7370
006066,12490,19651231,1965,INDL,C,D,STD,459200101,USD,1414.7220,3744.9170,665.7470,35.2250,21.9500,526.3190,0.0000,476.9020,716.0700,1166.7710,0.0000,0.0000,,28.4320,,A,,61.5000,7370
006066,12490,19661231,1966,INDL,C,D,STD,459200101,USD,1540.0240,4660.7770,514.2250,54.4480,32.9560,643.6200,0.0000,526.1300,816.9270,1338.1490,0.0000,0.0000,,33.9040,,A,,41.0000,7370
006066,12490,19671231,1967,INDL,C,D,STD,459200101,USD,2078.5530,5598.6680,815.3240,56.1140,248.4340,955.7840,0.0000,651.5000,1162.1720,1767.0670,0.0000,0.0000,,47.8200,,A,,40.0000,7370
006066,12490,19681231,1968,INDL,C,D,STD,459200101,USD,3301.0700,6743.4300,1825.9240,112.9680,64.3360,1048.3940,0.0000,871.4980,1531.0010,2174.2910,0.0000,0.0000,,51.8960,,A,,20.0000,7370
006066,12490,19691231,1969,INDL,C,D,STD,459200101,USD,3250.0140,7389.9570,1371.2490,113.7180,73.6670,1008.6440,0.0000,933.8730,1435.8950,2112.9670,0.0000,0.0000,,53.8690,,A,,20.0000,7370
006066,12490,19701231,1970,INDL,C,D,STD,459200101,USD,3388.7680,8539.0470,1339.0040,114.5870,271.8220,1066.3240,0.0000,1017.5210,1876.8180,2591.9090,0.0000,0.0000,,49.7240,,A,,20.0000,7370
006066,12490,19711231,1971,INDL,C,D,STD,459200101,USD,3948.6430,9576.2190,1875.1540,115.5340,243.1830,1140.7320,0.0000,1078.8470,2087.9400,2933.8370,0.0000,0.0000,-5.2530,39.1880,,A,,20.0000,7370
006066,12490,19721231,1972,INDL,C,D,STD,459200101,USD,4821.7620,10792.3980,2576.8630,116.3990,143.6920,1296.5720,0.0000,1279.2680,2259.2940,3226.5080,0.0000,0.0000,-8.8230,28.3160,,A,,20.0000,7370
006066,12490,19731231,1973,INDL,C,D,STD,459200101,USD,5830.2580,12289.5000,3322.0640,146.7130,211.4850,1460.7730,0.0000,1575.4670,2555.4300,3477.4650,0.0000,0.0000,-51.4490,31.4470,,A,,16.0000,7370
006066,12490,19741231,1974,INDL,C,D,STD,459200101,USD,7010.0230,14027.0980,3805.1360,148.2590,240.5850,1575.3750,0.0000,1837.6390,3209.9210,3916.7660,0.0000,0.0000,-90.0440,36.0540,,A,,16.0000,7370
006066,12490,19751231,1975,INDL,C,D,STD,459200101,USD,8114.7420,15530.5040,4768.3110,149.8450,214.2660,1679.6130,0.0000,1989.8770,3362.9140,4114.7050,0.0000,0.0000,-52.9200,44.8290,,A,,16.0000,7370
006066,12490,19761231,1976,INDL,C,D,STD,459200101,USD,9920.3050,17723.2030,6156.2480,150.6950,115.8780,1858.3660,0.0000,2398.0930,4082.1920,4974.0350,0.0000,0.0000,-84.5140,63.2370,,A,,16.0000,7370
006066,12490,19771231,1977,INDL,C,D,STD,459200101,USD,10072.6990,18978.4020,5406.6100,147.4710,172.4070,1999.2620,0.0000,2719.4130,5208.5900,6359.9650,0.0000,0.0000,-54.9370,87.5960,,A,,16.0000,7370
006066,12490,19781231,1978,INDL,C,D,STD,459200101,USD,10320.9020,20771.4060,4030.6840,145.8100,241.4840,2070.1520,0.0000,3110.5680,5810.1170,7277.7590,0.0000,0.0000,5.6100,109.8820,,A,,16.0000,7370
006066,12490,19791231,1979,INDL,C,D,STD,459200101,USD,10850.8010,24530.0040,3771.2230,583.5950,932.7290,2321.3280,0.0000,3011.2580,6444.8830,9568.7340,0.0000,0.0000,52.3020,139.3490,,A,,4.0000,7370
006066,12490,19801231,1980,INDL,C,D,STD,459200101,USD,9925.0000,26703.0080,2112.0000,583.8070,591.0000,2759.0000,0.0000,3562.0000,6526.0000,10250.0000,0.0000,0.0000,13.0000,182.0000,,A,,4.0000,7370
006066,12490,19811231,1981,INDL,C,D,STD,459200101,USD,10303.0000,29586.0080,2029.0000,592.2940,773.0000,3329.0000,0.0000,3308.0000,7320.0000,11425.0000,0.0000,0.0000,222.0000,252.0000,,A,,4.0000,7370
006066,12490,19821231,1982,INDL,C,D,STD,459200101,USD,13014.0040,32541.0080,3300.0000,602.4060,529.0000,3562.0000,0.0000,4409.0000,8209.0000,12581.0000,0.0000,0.0000,314.0000,323.0000,,A,,4.0000,7370
006066,12490,19831231,1983,INDL,C,D,STD,459200101,USD,17270.0040,37243.0080,5536.0000,610.7250,532.0000,3627.0000,0.0000,5485.0000,9507.0000,14024.0000,0.0000,0.0000,316.0000,713.0000,,A,,4.0000,7370
006066,12490,19841231,1984,INDL,C,D,STD,459200101,USD,20375.0040,42808.0120,4362.0000,612.6860,834.0000,3215.0000,0.0000,6582.0000,9640.0000,16319.0000,0.0000,0.0000,1346.0000,2057.0000,,A,,4.0000,7370
006066,12490,19851231,1985,INDL,C,D,STD,459200101,USD,26070.0080,52634.0160,5622.0000,615.4180,1293.0000,3051.0000,0.0000,6555.0000,11433.0000,20644.0000,0.0000,0.0000,1456.0000,3650.0000,,A,,4.0000,7370
006066,12490,19861231,1986,INDL,C,D,STD,459200101,USD,27749.0080,57814.0160,7257.0000,605.9230,1410.0000,3316.0000,0.0000,4789.0000,12743.0000,23440.0000,0.0000,0.0000,434.0000,4524.0000,,A,,4.0000,7370
006066,12490,19871231,1987,INDL,C,D,STD,459200101,USD,31020.0000,63688.0000,6967.0000,597.0520,1629.0000,3527.0000,0.0000,5258.0000,13377.0000,25425.0000,0.0000,0.0000,300.0000,5150.0000,,A,3570,4.0000,7370
006066,12490,19881231,1988,INDL,C,D,STD,459200101,USD,35343.0000,73037.0000,6123.0000,589.7410,4862.0000,3871.0000,0.0000,5491.0000,17387.0000,33528.0000,0.0000,0.0000,-111.0000,4623.0000,,A,3570,4.0000,7370
006066,12490,19891231,1989,INDL,C,D,STD,459200101,USD,35875.0000,77734.0000,4961.0000,574.7000,5892.0000,4240.0000,0.0000,3758.0000,21700.0000,39225.0000,0.0000,0.0000,-721.0000,3280.0000,,A,3570,4.0000,7370
006066,12490,19901231,1990,INDL,C,D,STD,459200101,USD,38920.0000,87568.0000,4551.0000,571.3910,7602.0000,4217.0000,0.0000,6020.0000,25276.0000,44736.0000,0.0000,0.0000,413.0000,3861.0000,,A,3570,4.0000,7370
006066,12490,19911231,1991,INDL,C,D,STD,459200101,USD,40969.0000,92473.0000,5151.0000,571.0180,13716.0000,5149.0000,0.0000,-564.0000,33624.0000,55467.0000,0.0000,0.0000,-1357.0000,1927.0000,,A,3570,4.0000,7370
006066,12490,19921231,1992,INDL,C,D,STD,459200101,USD,39692.0000,86705.0000,5649.0000,571.4360,16467.0000,9221.0000,0.0000,-6865.0000,36737.0000,59081.0000,0.0000,0.0000,-3410.0000,2030.0000,,A,3570,4.0000,7370
006066,12490,19931231,1993,INDL,C,D,STD,459200101,USD,39202.0000,81113.0000,7133.0000,581.3860,12097.0000,5778.0000,47.0000,-7987.0000,33150.0000,61375.0000,1125.0000,1125.0000,-1386.0000,1803.0000,,A,3570,4.0000,7370
006066,12490,19941231,1994,INDL,C,D,STD,459200101,USD,41338.0000,81091.0000,10554.0000,587.7100,9570.0000,4197.0000,84.0000,3021.0000,29226.0000,57678.0000,1125.0000,1125.0000,825.0000,1881.0000,,A,3570,4.0000,7370
006066,12490,19951231,1995,INDL,C,D,STD,459200101,USD,40691.0000,80292.0000,7701.0000,547.7740,11569.0000,3955.0000,62.0000,4178.0000,31648.0000,57869.0000,253.0000,253.0000,1392.0000,1807.0000,,A,3570,4.0000,7370
006066,12490,19961231,1996,INDL,C,D,STD,459200101,USD,40695.0000,81132.0000,8137.0000,507.9810,12957.0000,3676.0000,20.0000,5429.0000,34000.0000,59504.0000,253.0000,253.0000,11.0000,1627.0000,,A,3570,4.0000,7370
006066,12490,19971231,1997,INDL,C,D,STD,459200101,USD,40418.0000,81499.0000,7553.0000,958.0910,13230.0000,4018.0000,20.0000,6093.0000,33507.0000,61683.0000,252.0000,252.0000,358.0000,1487.0000,,A,3570,2.0000,7370
006066,12490,19981231,1998,INDL,C,D,STD,459200101,USD,42360.0000,86100.0000,5768.0000,915.9070,13905.0000,4475.0000,20.0000,6328.0000,36827.0000,66667.0000,247.0000,247.0000,-606.0000,1514.0000,,A,7370,2.0000,7370
006066,12490,19991231,1999,INDL,C,D,STD,459200101,USD,43155.0000,87495.0000,5831.0000,1784.2160,14230.0000,6159.0000,20.0000,7712.0000,39578.0000,66984.0000,247.0000,247.0000,-713.0000,1354.0000,,A,7370,1.0000,7370
006066,12490,20001231,2000,INDL,C,D,STD,459200101,USD,43880.0000,88349.0000,3722.0000,1742.9000,10205.0000,4513.0000,20.0000,8093.0000,36406.0000,67725.0000,247.0000,247.0000,29.0000,1623.0000,,A,7370,1.0000,7370
006066,12490,20011231,2001,INDL,C,D,STD,459200101,USD,42461.0000,88313.0000,6393.0000,1723.1940,11188.0000,4195.0000,10.0000,7723.0000,35119.0000,64699.0000,0.0000,0.0000,658.0000,1593.0000,,A,7370,1.0000,7370
006066,12490,20021231,2002,INDL,C,D,STD,459200101,USD,41652.0000,96484.0000,5975.0000,1722.3670,6031.0000,3691.0000,0.0000,5334.0000,34550.0000,73702.0000,0.0000,0.0000,-67.0000,1450.0000,,A,7370,1.0000,7370
006066,12490,20031231,2003,INDL,C,D,STD,459200101,USD,44998.0000,104457.0000,7647.0000,1694.5090,6646.0000,3961.0000,0.0000,7613.0000,37900.0000,76593.0000,0.0000,0.0000,1126.0000,1834.0000,,A,7370,1.0000,7370
006066,12490,20041231,2004,INDL,C,D,STD,459200101,USD,46970.0000,109183.0000,10570.0000,1645.5920,8099.0000,4329.0000,0.0000,8448.0000,39798.0000,79436.0000,0.0000,0.0000,2081.0000,1879.0000,,A,7370,1.0000,7370
006066,12490,20051231,2005,INDL,C,D,STD,459200101,USD,45661.0000,105748.0000,13686.0000,1573.9800,7216.0000,5188.0000,0.0000,7994.0000,35152.0000,72650.0000,0.0000,0.0000,2185.0000,1616.0000,,A,7370,1.0000,7370
006066,12490,20061231,2006,INDL,C,D,STD,459200101,USD,44660.0000,103234.0000,10656.0000,1506.4830,8902.0000,4983.0000,0.0000,9416.0000,40091.0000,74728.0000,0.0000,0.0000,1724.0000,665.0000,,A,7370,1.0000,7370
006066,12490,20071231,2007,INDL,C,D,STD,459200101,USD,53177.0000,120431.0000,16146.0000,1385.2340,12235.0000,5201.0000,0.0000,10418.0000,44310.0000,91961.0000,0.0000,0.0000,740.0000,1064.0000,,A,7370,1.0000,7370
006066,12490,20081231,2008,INDL,C,D,STD,459200101,USD,49004.0000,109524.0000,12907.0000,1339.0960,11236.0000,5450.0000,0.0000,12334.0000,42435.0000,96059.0000,0.0000,0.0000,1911.0000,270.0000,,A,7370,1.0000,7370
006066,12490,20091231,2009,INDL,C,D,STD,459200101,USD,48935.0000,109022.0000,13973.0000,1305.3370,4168.0000,4994.0000,0.0000,13425.0000,36002.0000,86267.0000,0.0000,0.0000,1773.0000,470.0000,,A,7370,1.0000,7370
006066,12490,20101231,2010,INDL,C,D,STD,459200101,USD,48116.0000,113452.0000,11651.0000,1227.9930,6778.0000,4831.0000,0.0000,14833.0000,40562.0000,90280.0000,0.0000,0.0000,1294.0000,378.0000,,A,7370,1.0000,7370
006066,12490,20111231,2011,INDL,C,D,STD,459200101,USD,50928.0000,116433.0000,11922.0000,1163.1830,8463.0000,4815.0000,0.0000,15855.0000,42123.0000,96197.0000,0.0000,0.0000,1212.0000,549.0000,,A,7370,1.0000,7370
007257,22752,19621231,1962,INDL,C,D,STD,58933Y105,USD,155.0000,252.4000,39.7000,10.6710,0.0000,12.5500,0.3800,29.2400,43.7000,51.5580,10.2000,12.2400,,0.0000,,A,,216.0000,2834
007257,22752,19631231,1963,INDL,C,D,STD,58933Y105,USD,173.1000,270.0000,46.0000,10.6820,0.0000,12.3300,0.3300,35.8300,46.6010,54.5610,8.7510,8.9260,,0.0000,,A,,216.0000,2834
007257,22752,19641231,1964,INDL,C,D,STD,58933Y105,USD,204.2000,302.5000,48.2000,32.1590,0.0000,12.7000,0.3000,44.8700,62.6680,72.6680,8.5310,8.7020,,0.0000,,A,,72.0000,2834
007257,22752,19651231,1965,INDL,C,D,STD,58933Y105,USD,215.6000,334.8000,59.2000,32.2920,0.0000,13.2300,0.2800,59.6000,70.4300,82.9300,7.5190,7.6700,,0.0000,,A,,72.0000,2834
007257,22752,19661231,1966,INDL,C,D,STD,58933Y105,USD,237.7000,372.7000,48.0000,32.3800,0.0000,14.9200,0.2600,75.8500,90.6480,90.6480,7.5190,7.6700,0.0000,0.0000,,A,,72.0000,2834
007257,22752,19671231,1967,INDL,C,D,STD,58933Y105,USD,272.3000,456.4000,42.1000,35.6250,0.0000,19.8200,0.2600,89.3100,92.2840,102.7840,7.5190,7.6700,0.0000,0.0000,,A,,72.0000,2834
007257,22752,19681231,1968,INDL,C,D,STD,58933Y105,USD,298.3000,487.9000,57.6000,35.7640,0.0000,22.0410,0.1800,92.8480,92.7430,103.2430,4.4750,4.5640,0.0000,0.0000,,A,,72.0000,2834
007257,22752,19691231,1969,INDL,C,D,STD,58933Y105,USD,322.5260,550.0790,60.7790,35.9950,0.0000,22.0500,0.1570,100.6050,111.2740,126.1740,4.4750,4.5640,,0.0000,,A,,72.0000,2834
007257,22752,19701231,1970,INDL,C,D,STD,58933Y105,USD,355.6110,634.3780,30.9070,36.4270,0.0000,26.3000,0.1470,113.5200,137.8600,155.4790,3.7100,3.7840,7.7000,0.0000,,A,,72.0000,2834
007257,22752,19711231,1971,INDL,C,D,STD,58933Y105,USD,398.3030,709.2240,71.1240,36.4640,25.3380,30.5570,0.1250,127.1760,146.1670,179.5860,3.5290,3.6000,4.8000,0.0000,,A,,72.0000,2834
007257,22752,19721231,1972,INDL,C,D,STD,58933Y105,USD,464.3160,820.1090,92.7120,73.7940,31.2890,35.6380,0.1210,147.5560,174.4090,200.8480,3.4360,3.5050,9.2850,0.0000,,A,,36.0000,2834
007257,22752,19731231,1973,INDL,C,D,STD,58933Y105,USD,569.5420,971.0040,117.1730,73.8960,52.3490,39.9060,0.1190,178.4430,233.9820,261.8060,3.3650,3.4320,-2.9960,4.6710,,A,,36.0000,2834
007257,22752,19741231,1974,INDL,C,D,STD,58933Y105,USD,722.4880,1243.2870,74.6230,74.9700,68.5550,46.0570,0.1170,210.4920,362.8970,406.0520,3.3000,3.3660,-2.1670,12.9970,,A,,36.0000,2834
007257,22752,19751231,1975,INDL,C,D,STD,58933Y105,USD,857.3430,1573.6930,168.5990,75.4560,78.5910,52.0910,0.1120,228.7780,355.0810,608.3690,2.9950,3.0550,5.4690,18.3650,,A,,36.0000,2834
007257,22752,19761231,1976,INDL,C,D,STD,58933Y105,USD,969.5260,1791.8820,255.4410,75.5200,98.9520,58.1980,0.1030,255.4820,419.6860,673.0610,2.9320,2.9910,12.4930,28.6760,,A,,36.0000,2834
007257,22752,19771231,1977,INDL,C,D,STD,58933Y105,USD,1050.5150,1993.3890,247.2110,75.5540,85.0460,66.7850,0.0970,277.5250,421.0000,698.1330,2.7250,2.7800,30.9300,54.9090,,A,,36.0000,2834
007257,22752,19781231,1978,INDL,C,D,STD,58933Y105,USD,1138.9410,2251.3570,207.4190,75.5810,73.2940,75.4770,0.0940,307.5340,472.1240,779.6710,2.3120,2.3580,13.8000,77.0770,,A,,36.0000,2834
007257,22752,19791231,1979,INDL,C,D,STD,58933Y105,USD,1358.0030,2614.0640,317.3650,75.2810,142.4080,81.7780,0.0780,381.7760,604.6280,929.6820,2.0500,2.0910,5.1000,90.4960,,A,,36.0000,2834
007257,22752,19801231,1980,INDL,C,D,STD,58933Y105,USD,1462.4160,2865.7520,302.2740,74.7420,104.0290,91.2890,0.0420,415.3960,638.1490,977.7120,0.0000,0.0000,17.7000,108.1810,,A,,36.0000,2834
007257,22752,19811231,1981,INDL,C,D,STD,58933Y105,USD,1616.1820,3310.0000,226.6060,74.0190,272.9390,104.9810,0.0000,398.2650,871.2570,1279.5860,0.0000,0.0000,34.6000,150.3670,,A,,36.0000,2834
007257,22752,19821231,1982,INDL,C,D,STD,58933Y105,USD,1677.4170,3647.6490,313.2420,73.9390,264.7540,121.1200,0.0000,415.1370,817.0480,1419.9510,0.0000,0.0000,74.1000,237.3500,,A,,36.0000,2834
007257,22752,19831231,1983,INDL,C,D,STD,58933Y105,USD,1732.8420,4214.6840,370.7440,73.9440,370.7700,135.2290,0.0000,450.8550,997.9550,1756.7790,0.0000,0.0000,131.9000,342.7960,,A,,36.0000,2834
007257,22752,19841231,1984,INDL,C,D,STD,58933Y105,USD,2179.7170,4590.5630,744.3180,72.1030,408.8180,151.6420,0.0000,492.9670,1103.2160,1762.9850,0.0000,0.0000,130.0000,433.2280,,A,,36.0000,2834
007257,22752,19851231,1985,INDL,C,D,STD,58933Y105,USD,2310.0000,4902.1990,842.0000,70.1730,330.0000,163.6000,0.0000,539.9000,1203.4000,1947.1000,0.0000,0.0000,86.0000,485.0000,,A,,36.0000,2834
007257,22752,19861231,1986,INDL,C,D,STD,58933Y105,USD,2511.2990,5105.1990,965.8000,136.4010,372.9000,167.2000,0.0000,675.7000,1417.0000,2126.8000,0.0000,0.0000,37.0000,438.8000,,A,,18.0000,2834
007257,22752,19871231,1987,INDL,C,D,STD,58933Y105,USD,3006.9000,5680.0000,1148.2000,131.3320,850.8000,188.5000,0.0000,906.4000,2208.6000,3028.2000,0.0000,0.0000,-66.6000,428.8000,,A,2834,18.0000,2834
007257,22752,19881231,1988,INDL,C,D,STD,58933Y105,USD,3389.3000,6127.5000,1550.0000,396.7400,458.8000,189.0000,0.0000,1206.8000,1909.0000,2728.0000,0.0000,0.0000,-140.4000,335.5000,,A,2834,6.0000,2834
007257,22752,19891231,1989,INDL,C,D,STD,58933Y105,USD,3409.8000,6756.7000,1143.5000,395.4080,327.3000,206.4000,0.0000,1495.4000,1907.3000,2726.2000,0.0000,0.0000,-65.9000,310.9000,,A,2834,6.0000,2834
007257,22752,19901231,1990,INDL,C,D,STD,58933Y105,USD,3766.3000,8029.8000,1197.3000,386.9910,793.0000,231.4000,0.0000,1781.2000,2827.1000,3646.1000,0.0000,0.0000,-132.2000,255.8000,,A,2834,6.0000,2834
007257,22752,19911231,1991,INDL,C,D,STD,58933Y105,USD,4310.8000,9498.5000,1411.8000,386.5100,338.4000,242.7000,0.0000,2121.7000,2814.3000,3987.7000,0.0000,0.0000,1.2000,291.4000,,A,2834,6.0000,2834
007257,22752,19921231,1992,INDL,C,D,STD,58933Y105,USD,4399.7000,11086.0000,1093.5000,1144.6950,825.2000,290.3000,0.0000,2446.6000,3617.3000,5456.0000,0.0000,0.0000,-16.6000,89.4000,,A,2834,2.0000,2834
007257,22752,19931231,1993,INDL,C,D,STD,58933Y105,USD,5734.6000,19927.5000,1542.3000,1253.9350,1736.0000,376.6000,0.0000,2166.2000,5895.7000,8761.4000,0.0000,0.0000,-167.0000,362.8000,,A,2834,2.0000,2834
007257,22752,19941231,1994,INDL,C,D,STD,58933Y105,USD,6921.7000,21856.6000,2269.7000,1247.8260,146.7000,669.5000,0.0000,2997.0000,5448.6000,9508.8000,0.0000,0.0000,-96.5000,1241.6000,,A,2834,2.0000,2834
007257,22752,19951231,1995,INDL,C,D,STD,58933Y105,USD,8617.5000,23831.8000,3349.8000,1228.8490,423.1000,655.3000,0.0000,3335.2000,5689.5000,9809.8000,0.0000,0.0000,-185.9000,1400.0000,,A,2834,2.0000,2834
007257,22752,19961231,1996,INDL,C,D,STD,58933Y105,USD,7726.6000,24293.1000,2181.6000,1206.6020,606.1000,717.9000,0.0000,3881.3000,4829.2000,10012.4000,0.0000,0.0000,157.6000,1400.0000,,A,2834,2.0000,2834
007257,22752,19971231,1997,INDL,C,D,STD,58933Y105,USD,8213.0000,25811.9000,2309.3000,1193.6480,902.5000,799.6000,0.0000,4614.1000,5568.6000,12014.0000,0.0000,0.0000,-41.3000,1500.0000,,A,2834,2.0000,2834
007257,22752,19981231,1998,INDL,C,D,STD,58933Y105,USD,10228.5000,31853.4000,3355.7000,1180.2260,624.2000,964.3000,0.0000,5248.2000,6068.8000,15346.6000,0.0000,0.0000,170.2000,1763.1000,,A,2834,2.0000,2834
007257,22752,19991231,1999,INDL,C,D,STD,58933Y105,USD,11259.2000,35634.9000,3202.4000,2329.0770,2859.0000,1088.6000,0.0000,5890.5000,8758.8000,18932.8000,0.0000,0.0000,-682.9000,1344.2000,,A,2834,1.0000,2834
007257,22752,20001231,2000,INDL,C,D,STD,58933Y105,USD,13353.4000,39910.4000,4254.6000,2307.5990,3319.3000,1224.6000,0.0000,6821.7000,9709.6000,20057.0000,0.0000,0.0000,-94.3000,1245.0000,,A,2834,1.0000,2834
007257,22752,20011231,2001,INDL,C,D,STD,58933Y105,USD,12961.6000,44006.7000,3286.6000,2272.7290,4066.7000,1430.1000,0.0000,7281.8000,11544.2000,23119.1000,0.0000,0.0000,465.9000,1512.6000,,A,2834,1.0000,2834
007257,22752,20021231,2002,INDL,C,D,STD,58933Y105,USD,14833.9000,47561.2000,4971.2000,2244.9830,3669.8000,1404.9000,0.0000,7149.5000,12375.2000,24432.4000,0.0000,0.0000,444.8000,1871.3000,,A,2834,1.0000,2834
007257,22752,20031231,2003,INDL,C,D,STD,58933Y105,USD,11527.2000,40587.5000,4173.0000,2221.7640,1700.0000,1314.2000,0.0000,6589.6000,9569.6000,21095.9000,0.0000,0.0000,131.7000,1125.6000,,A,2834,1.0000,2834
007257,22752,20041231,2004,INDL,C,D,STD,58933Y105,USD,13475.2000,42572.8000,7089.9000,2208.6390,2181.2000,1450.7000,0.0000,5813.4000,11744.1000,22877.7000,0.0000,0.0000,48.9000,1169.2000,,A,2834,1.0000,2834
007257,22752,20051231,2005,INDL,C,D,STD,58933Y105,USD,21049.3000,44845.8000,15637.6000,2181.9240,2972.0000,1520.4000,0.0000,4631.3000,13303.5000,24522.0000,0.0000,0.0000,9.0000,1269.8000,,A,2834,1.0000,2834
007257,22752,20061231,2006,INDL,C,D,STD,58933Y105,USD,15230.2000,44569.8000,8713.0000,2167.7850,1285.1000,1504.6000,0.0000,4433.8000,12722.7000,24604.0000,0.0000,0.0000,-530.2000,852.6000,,A,2834,1.0000,2834
007257,22752,20071231,2007,INDL,C,D,STD,58933Y105,USD,15045.4000,48350.7000,8230.8000,2172.5030,1823.6000,1527.6000,0.0000,3275.4000,12258.2000,27759.3000,0.0000,0.0000,-1782.0000,395.6000,,A,2834,1.0000,2834
007257,22752,20081231,2008,INDL,C,D,STD,58933Y105,USD,19304.9000,47195.7000,5486.4000,2107.6900,2297.1000,1414.5000,0.0000,7808.4000,14318.7000,26028.6000,0.0000,0.0000,530.1000,312.2000,,A,2834,1.0000,2834
007257,22752,20091231,2009,INDL,C,D,STD,58933Y105,USD,28428.6000,112089.7000,9604.5000,3108.2230,1585.8000,2227.5000,2.1000,12901.3000,15750.7000,50597.1000,0.0000,0.0000,1820.2000,8797.2000,,A,2834,1.0000,2834
007257,22752,20101231,2010,INDL,C,D,STD,58933Y105,USD,29064.0000,105781.0000,12201.0000,3082.1070,2400.0000,6532.0000,0.0000,861.0000,15641.0000,48976.0000,0.0000,0.0000,-1092.0000,7411.0000,,A,2834,1.0000,2834
007257,22752,20111231,2011,INDL,C,D,STD,58933Y105,USD,33181.0000,105128.0000,14972.0000,3040.8380,1990.0000,6838.0000,0.0000,6272.0000,16245.0000,48185.0000,0.0000,0.0000,-1537.0000,5626.0000,,A,2834,1.0000,2834
064768,84788,19971231,1997,INDL,C,D,STD,023135106,USD,137.3350,149.0060,125.0660,23.9370,1.5000,3.3880,0.0000,-27.5900,43.8180,120.5200,0.0000,0.0000,0.0000,0.0000,,A,5961,12.0000,5961
064768,84788,19981231,1998,INDL,C,D,STD,023135106,USD,424.2540,648.4600,373.4450,53.0890,0.6840,52.2920,0.0000,-124.5460,161.5750,509.7150,0.0000,0.0000,0.0000,0.0000,,A,5961,6.0000,5961
064768,84788,19991231,1999,INDL,C,D,STD,023135106,USD,1012.1780,2471.5510,706.1880,345.1550,14.3220,251.5000,0.0000,-719.9680,738.9350,2205.2730,0.0000,0.0000,0.0000,0.0000,,A,5961,1.0000,5961
064768,84788,20001231,2000,INDL,C,D,STD,023135106,USD,1361.1290,2135.1690,1100.5220,357.1400,16.5770,406.2320,0.0000,-1411.2730,974.9560,3102.4200,0.0000,0.0000,0.0000,0.0000,,A,5961,1.0000,5961
064768,84788,20011231,2001,INDL,C,D,STD,023135106,USD,1207.9200,1637.5470,996.5850,373.2180,14.9920,265.7420,0.0000,-556.7540,921.4140,3077.5470,0.0000,0.0000,0.0000,,,A,5961,1.0000,5961
064768,84788,20021231,2002,INDL,C,D,STD,023135106,USD,1615.6760,1990.4490,1300.9690,387.9060,13.3180,87.7520,0.0000,-149.9330,1065.9580,3343.2630,0.0000,0.0000,0.0000,,,A,5961,1.0000,5961
064768,84788,20031231,2003,INDL,C,D,STD,023135106,USD,1820.8090,2162.0330,1394.8230,403.3540,4.2160,78.3100,0.0000,35.2820,1252.7010,3198.1400,0.0000,0.0000,0.0000,,,A,5961,1.0000,5961
064768,84788,20041231,2004,INDL,C,D,STD,023135106,USD,2539.3960,3248.5080,1779.1990,409.7110,2.3810,76.0830,0.0000,588.4510,1620.4000,3475.7190,0.0000,0.0000,-256.6960,,,A,5961,1.0000,5961
064768,84788,20051231,2005,INDL,C,D,STD,023135106,USD,2929.0000,3696.0000,2000.0000,416.0000,3.0000,118.0000,0.0000,333.0000,1929.0000,3450.0000,0.0000,0.0000,70.0000,0.0000,,A,5961,1.0000,5961
064768,84788,20061231,2006,INDL,C,D,STD,023135106,USD,3373.0000,4363.0000,2019.0000,414.0000,51.0000,210.0000,0.0000,190.0000,2532.0000,3932.0000,0.0000,0.0000,22.0000,,,A,5961,1.0000,5961
064768,84788,20071231,2007,INDL,C,D,STD,023135106,USD,5164.0000,6485.0000,3112.0000,416.0000,43.0000,271.0000,0.0000,476.0000,3714.0000,5288.0000,0.0000,0.0000,-99.0000,,,A,5961,1.0000,5961
064768,84788,20081231,2008,INDL,C,D,STD,023135106,USD,6157.0000,8314.0000,3727.0000,428.0000,131.0000,340.0000,0.0000,645.0000,4746.0000,5642.0000,0.0000,0.0000,-5.0000,0.0000,,A,5961,1.0000,5961
064768,84788,20091231,2009,INDL,C,D,STD,023135106,USD,9797.0000,13813.0000,6366.0000,444.0000,141.0000,432.0000,0.0000,902.0000,7364.0000,8556.0000,0.0000,0.0000,81.0000,,,A,5961,1.0000,5961
064768,84788,20101231,2010,INDL,C,D,STD,023135106,USD,13747.0000,18797.0000,8762.0000,451.0000,224.0000,657.0000,0.0000,1152.0000,10372.0000,11933.0000,0.0000,0.0000,4.0000,,,A,5961,1.0000,5961
064768,84788,20111231,2011,INDL,C,D,STD,023135106,USD,17490.0000,25278.0000,9576.0000,455.0000,524.0000,1149.0000,0.0000,631.0000,14896.0000,17521.0000,0.0000,0.0000,136.0000,,,A,5961,1.0000,5961
